age,workclass,final-weight,education,education-num,marital-status,occupation,relationship,race,sex,capital-gain,capital-loss,hours-per-week,native-country,income
32, Private,29312, 10th,6, Married-civ-spouse, Transport-moving, Husband, White, Male,0,0,80, United-States, >50K
48, Private,28497, HS-grad,9, Married-civ-spouse, Craft-repair, Husband, White, Male,0,0,40, United-States, <=50K
21, Private,228395, Some-college,10, Never-married, Sales, Other-relative, Black, Female,0,0,20, United-States, <=50K
39, Private,230329, HS-grad,9, Married-civ-spouse, Craft-repair, Husband, White, Male,0,0,35, United-States, <=50K
27, Private,178778, Bachelors,13, Never-married, Sales, Not-in-family, White, Male,0,0,80, United-States, >50K
61, Self-emp-not-inc,201965, HS-grad,9, Married-civ-spouse, Exec-managerial, Husband, White, Male,0,0,40, United-States, <=50K
49, Self-emp-inc,86701, Some-college,10, Married-civ-spouse, Craft-repair, Husband, Asian-Pac-Islander, Male,0,0,56, United-States, >50K
39, Self-emp-not-inc,336793, Masters,14, Married-civ-spouse, Craft-repair, Husband, White, Male,0,0,55, United-States, >50K
41, Private,154076, Some-college,10, Married-civ-spouse, Adm-clerical, Husband, White, Male,0,0,50, United-States, >50K
40, Private,163434, HS-grad,9, Never-married, Craft-repair, Not-in-family, White, Male,0,0,50, United-States, <=50K
38, Private,204527, HS-grad,9, Married-civ-spouse, Craft-repair, Husband, White, Male,0,0,50, United-States, <=50K
34, Private,198265, Some-college,10, Married-civ-spouse, Tech-support, Husband, White, Male,3103,0,40, United-States, >50K
23, Private,154210, Some-college,10, Never-married, Adm-clerical, Other-relative, Asian-Pac-Islander, Male,0,0,14, Puerto-Rico, <=50K
64, State-gov,222966, 7th-8th,4, Married-civ-spouse, Other-service, Wife, Black, Female,0,0,40, United-States, <=50K
48, Private,315423, 5th-6th,3, Married-civ-spouse, Transport-moving, Husband, White, Male,0,0,40, United-States, <=50K
30, Private,231826, Some-college,10, Married-civ-spouse, Sales, Husband, White, Male,0,0,40, United-States, >50K
27, Private,183802, HS-grad,9, Married-civ-spouse, Handlers-cleaners, Husband, White, Male,0,0,40, United-States, <=50K
51, ?,165637, Masters,14, Married-civ-spouse, ?, Husband, White, Male,0,0,40, United-States, <=50K
53, Private,234721, 11th,7, Married-civ-spouse, Handlers-cleaners, Husband, Black, Male,0,0,40, United-States, <=50K
35, Private,359131, Bachelors,13, Married-civ-spouse, Prof-specialty, Wife, White, Female,7298,0,8, ?, >50K
37, Private,48093, Bachelors,13, Never-married, Craft-repair, Not-in-family, White, Male,0,0,90, United-States, >50K
53, Self-emp-inc,135643, Bachelors,13, Married-civ-spouse, Adm-clerical, Wife, Asian-Pac-Islander, Female,0,0,50, South, <=50K
62, Local-gov,208266, Assoc-voc,11, Divorced, Adm-clerical, Not-in-family, Black, Female,0,0,40, United-States, <=50K
55, Federal-gov,270859, Bachelors,13, Married-civ-spouse, Prof-specialty, Husband, White, Male,0,0,40, United-States, >50K
49, Private,200471, 11th,7, Never-married, Other-service, Not-in-family, White, Male,0,0,60, United-States, <=50K
30, Private,378723, Some-college,10, Divorced, Adm-clerical, Own-child, White, Female,0,0,55, United-States, <=50K
23, Private,200973, HS-grad,9, Never-married, Adm-clerical, Not-in-family, White, Female,0,0,40, United-States, <=50K
37, Self-emp-not-inc,80324, HS-grad,9, Married-civ-spouse, Exec-managerial, Husband, White, Male,0,0,60, United-States, >50K
59, Self-emp-inc,107287, 10th,6, Widowed, Exec-managerial, Unmarried, White, Female,0,2559,50, United-States, >50K
40, Private,102606, Masters,14, Married-civ-spouse, Exec-managerial, Husband, White, Male,0,0,40, United-States, >50K
51, Private,200450, HS-grad,9, Married-civ-spouse, Handlers-cleaners, Husband, White, Male,0,0,48, United-States, <=50K
24, Private,128477, Masters,14, Never-married, Prof-specialty, Not-in-family, White, Female,0,0,40, United-States, <=50K
66, Private,126511, Some-college,10, Married-civ-spouse, Exec-managerial, Husband, White, Male,0,0,45, United-States, <=50K
26, State-gov,197156, HS-grad,9, Divorced, Adm-clerical, Own-child, White, Female,0,0,30, United-States, <=50K
42, Self-emp-not-inc,133584, Some-college,10, Married-civ-spouse, Craft-repair, Husband, White, Male,0,0,40, El-Salvador, <=50K
56, Self-emp-not-inc,175964, Some-college,10, Divorced, Other-service, Not-in-family, White, Female,0,0,40, United-States, <=50K
37, Self-emp-not-inc,245372, Bachelors,13, Divorced, Tech-support, Not-in-family, White, Male,0,0,15, United-States, <=50K
21, Private,109952, HS-grad,9, Married-civ-spouse, Craft-repair, Husband, White, Male,0,0,40, United-States, <=50K
30, Private,186346, Bachelors,13, Never-married, Exec-managerial, Not-in-family, White, Female,0,0,50, United-States, <=50K
35, Private,169672, Some-college,10, Married-civ-spouse, Craft-repair, Husband, White, Male,0,0,40, United-States, <=50K
34, Private,121966, Bachelors,13, Married-spouse-absent, Adm-clerical, Not-in-family, White, Female,0,0,45, United-States, <=50K
44, Private,193755, Bachelors,13, Divorced, Exec-managerial, Not-in-family, White, Male,0,0,50, United-States, >50K
60, Private,132529, HS-grad,9, Married-civ-spouse, Craft-repair, Husband, White, Male,0,0,40, United-States, <=50K
38, Private,193026, Some-college,10, Divorced, Craft-repair, Not-in-family, White, Male,0,0,40, Iran, <=50K
26, Private,189219, Assoc-acdm,12, Never-married, Adm-clerical, Not-in-family, White, Female,0,0,8, United-States, <=50K
24, Private,278130, Assoc-voc,11, Never-married, Machine-op-inspct, Not-in-family, White, Male,0,0,40, United-States, <=50K
48, Private,155509, HS-grad,9, Never-married, Adm-clerical, Not-in-family, Black, Female,0,0,16, Trinadad&Tobago, <=50K
45, Self-emp-inc,185497, Bachelors,13, Married-civ-spouse, Exec-managerial, Wife, Asian-Pac-Islander, Female,0,0,70, ?, <=50K
20, Private,110998, Some-college,10, Never-married, Adm-clerical, Own-child, Asian-Pac-Islander, Female,0,0,30, United-States, <=50K
38, ?,177273, HS-grad,9, Married-civ-spouse, ?, Wife, White, Female,0,0,35, United-States, <=50K
36, State-gov,135874, Bachelors,13, Married-civ-spouse, Sales, Husband, White, Male,0,0,40, United-States, <=50K
20, Private,247794, HS-grad,9, Never-married, Sales, Not-in-family, White, Female,0,0,84, United-States, <=50K
27, Private,34701, Bachelors,13, Never-married, Other-service, Not-in-family, White, Male,0,0,40, United-States, <=50K
57, Federal-gov,62020, Prof-school,15, Divorced, Exec-managerial, Not-in-family, Black, Male,0,0,55, United-States, >50K
43, Private,143583, 10th,6, Married-civ-spouse, Handlers-cleaners, Husband, Black, Male,0,0,40, United-States, <=50K
27, Local-gov,206125, 10th,6, Married-civ-spouse, Craft-repair, Husband, White, Male,0,0,60, United-States, <=50K
28, Self-emp-not-inc,420054, HS-grad,9, Married-civ-spouse, Craft-repair, Husband, White, Male,0,0,40, Italy, <=50K
66, Self-emp-not-inc,212456, HS-grad,9, Widowed, Craft-repair, Not-in-family, White, Male,0,0,20, United-States, <=50K
37, Self-emp-not-inc,111129, Some-college,10, Married-civ-spouse, Craft-repair, Husband, White, Male,0,0,45, United-States, <=50K
35, Self-emp-not-inc,60269, HS-grad,9, Married-civ-spouse, Exec-managerial, Husband, White, Male,0,0,60, United-States, <=50K
42, Private,203393, Bachelors,13, Married-civ-spouse, Craft-repair, Wife, Black, Female,0,0,35, United-States, >50K
34, Self-emp-not-inc,77209, HS-grad,9, Married-civ-spouse, Sales, Husband, White, Male,0,1902,60, United-States, >50K
51, Self-emp-inc,100029, Doctorate,16, Married-civ-spouse, Prof-specialty, Husband, White, Male,15024,0,40, United-States, >50K
23, Private,342769, Bachelors,13, Never-married, Tech-support, Not-in-family, White, Female,0,0,20, United-States, <=50K
50, Self-emp-not-inc,36480, 10th,6, Divorced, Craft-repair, Not-in-family, White, Male,0,0,45, United-States, <=50K
49, Private,148398, HS-grad,9, Divorced, Machine-op-inspct, Not-in-family, Black, Female,0,0,40, United-States, <=50K
37, Private,51264, Doctorate,16, Married-civ-spouse, Prof-specialty, Husband, White, Male,0,0,99, France, >50K
47, Private,140664, Bachelors,13, Divorced, Sales, Not-in-family, White, Male,0,0,45, United-States, <=50K
33, Private,33117, Assoc-acdm,12, Married-civ-spouse, Protective-serv, Husband, White, Male,0,0,40, United-States, <=50K
28, Private,109282, Some-college,10, Divorced, Prof-specialty, Not-in-family, White, Male,0,0,40, United-States, <=50K
20, Private,745817, Some-college,10, Never-married, Tech-support, Own-child, White, Female,0,0,15, United-States, <=50K
19, Private,121074, 7th-8th,4, Married-civ-spouse, Craft-repair, Husband, White, Male,0,0,99, United-States, <=50K
47, Self-emp-not-inc,243631, Bachelors,13, Married-civ-spouse, Prof-specialty, Husband, Asian-Pac-Islander, Male,0,0,40, South, <=50K
19, Private,83930, HS-grad,9, Never-married, Other-service, Own-child, White, Female,0,0,20, United-States, <=50K
62, Private,214288, HS-grad,9, Married-civ-spouse, Machine-op-inspct, Husband, White, Male,0,0,40, United-States, <=50K
43, Private,207685, HS-grad,9, Married-civ-spouse, Machine-op-inspct, Husband, White, Male,0,0,40, United-States, <=50K
65, Private,80174, HS-grad,9, Divorced, Exec-managerial, Other-relative, White, Female,1848,0,50, United-States, <=50K
43, Local-gov,96102, Some-college,10, Married-civ-spouse, Protective-serv, Husband, White, Male,0,1887,40, United-States, >50K
48, Private,109421, Bachelors,13, Married-civ-spouse, Prof-specialty, Husband, White, Male,0,0,55, United-States, <=50K
43, Private,99185, HS-grad,9, Divorced, Adm-clerical, Unmarried, White, Female,0,0,58, United-States, <=50K
43, Private,403276, HS-grad,9, Married-civ-spouse, Craft-repair, Husband, White, Male,0,0,40, United-States, <=50K
47, Private,189123, 11th,7, Married-civ-spouse, Adm-clerical, Husband, White, Male,0,1485,58, United-States, <=50K
27, Private,297457, HS-grad,9, Never-married, Adm-clerical, Own-child, Black, Male,0,0,40, United-States, <=50K
44, Private,176063, HS-grad,9, Married-civ-spouse, Transport-moving, Husband, White, Male,0,0,50, United-States, >50K
45, Private,428350, HS-grad,9, Married-civ-spouse, Machine-op-inspct, Wife, White, Female,0,1740,40, United-States, <=50K
32, Self-emp-not-inc,116508, Some-college,10, Married-civ-spouse, Farming-fishing, Husband, White, Male,0,0,50, United-States, >50K
20, Private,334105, Some-college,10, Never-married, Other-service, Own-child, White, Female,0,0,10, United-States, <=50K
26, Private,55860, Some-college,10, Never-married, Adm-clerical, Not-in-family, Black, Female,0,0,40, United-States, <=50K
48, Private,192894, Doctorate,16, Married-civ-spouse, Prof-specialty, Husband, White, Male,0,0,40, United-States, >50K
36, Private,334366, 11th,7, Separated, Exec-managerial, Not-in-family, White, Female,0,0,32, United-States, <=50K
34, ?,286689, Masters,14, Never-married, ?, Not-in-family, White, Male,4650,0,30, United-States, <=50K
41, Private,344624, Bachelors,13, Divorced, Exec-managerial, Not-in-family, White, Male,0,0,50, United-States, >50K
54, Self-emp-not-inc,109413, Bachelors,13, Married-civ-spouse, Farming-fishing, Husband, White, Male,0,0,50, United-States, <=50K
25, Private,181814, HS-grad,9, Never-married, Craft-repair, Other-relative, White, Female,0,0,40, United-States, <=50K
22, Private,199336, Some-college,10, Never-married, Machine-op-inspct, Own-child, White, Male,0,0,25, United-States, <=50K
48, Private,164966, Bachelors,13, Married-civ-spouse, Exec-managerial, Husband, Asian-Pac-Islander, Male,0,0,40, India, >50K
34, Private,506858, Assoc-voc,11, Married-civ-spouse, Craft-repair, Husband, White, Male,0,0,32, United-States, >50K
19, Private,25429, 12th,8, Never-married, Other-service, Own-child, White, Female,0,0,20, United-States, <=50K
49, Self-emp-inc,229737, Prof-school,15, Married-civ-spouse, Prof-specialty, Husband, White, Male,99999,0,37, United-States, >50K
36, Self-emp-not-inc,186035, Prof-school,15, Married-civ-spouse, Sales, Husband, White, Male,0,0,30, United-States, >50K
17, Private,153021, 12th,8, Never-married, Sales, Own-child, White, Female,0,0,20, United-States, <=50K
21, Private,33831, HS-grad,9, Never-married, Adm-clerical, Unmarried, White, Female,0,0,40, United-States, <=50K
20, State-gov,126822, Some-college,10, Never-married, Prof-specialty, Own-child, White, Female,0,0,15, United-States, <=50K
38, Self-emp-not-inc,108947, Some-college,10, Married-civ-spouse, Machine-op-inspct, Husband, White, Male,7688,0,40, United-States, >50K
74, Private,97167, HS-grad,9, Married-civ-spouse, Other-service, Husband, White, Male,0,0,15, United-States, <=50K
47, Private,155659, HS-grad,9, Married-civ-spouse, Exec-managerial, Husband, White, Male,0,0,60, United-States, <=50K
45, Private,196584, Assoc-voc,11, Never-married, Prof-specialty, Not-in-family, White, Female,0,1564,40, United-States, >50K
41, Private,101290, HS-grad,9, Divorced, Sales, Unmarried, White, Female,0,0,40, United-States, <=50K
31, Private,257644, HS-grad,9, Never-married, Prof-specialty, Not-in-family, White, Male,0,0,43, United-States, <=50K
37, Private,341672, Bachelors,13, Separated, Tech-support, Not-in-family, Asian-Pac-Islander, Male,0,0,40, Philippines, <=50K
38, Private,439592, Some-college,10, Never-married, Other-service, Own-child, Black, Female,0,0,40, United-States, <=50K
35, ?,120074, HS-grad,9, Married-civ-spouse, ?, Husband, White, Male,0,0,30, United-States, <=50K
38, Private,52596, Some-college,10, Never-married, Adm-clerical, Own-child, Black, Female,0,0,40, United-States, <=50K
28, Private,269786, HS-grad,9, Married-civ-spouse, Transport-moving, Husband, White, Male,0,0,40, United-States, <=50K
28, Private,68642, HS-grad,9, Never-married, Other-service, Not-in-family, White, Female,0,0,46, United-States, <=50K
45, Private,229967, HS-grad,9, Divorced, Exec-managerial, Not-in-family, White, Male,13550,0,50, United-States, >50K
43, Private,266439, Bachelors,13, Married-civ-spouse, Machine-op-inspct, Husband, White, Male,0,1887,40, United-States, >50K
57, Self-emp-inc,101338, Bachelors,13, Married-civ-spouse, Exec-managerial, Husband, White, Male,0,0,20, United-States, <=50K
44, Private,85604, HS-grad,9, Divorced, Craft-repair, Not-in-family, White, Male,0,0,40, United-States, >50K
42, Self-emp-not-inc,248406, HS-grad,9, Married-civ-spouse, Transport-moving, Husband, White, Male,0,0,40, United-States, <=50K
20, Private,378546, HS-grad,9, Never-married, Craft-repair, Own-child, White, Male,0,0,25, United-States, <=50K
34, Private,223212, Bachelors,13, Married-civ-spouse, Prof-specialty, Husband, White, Male,0,1848,40, Peru, >50K
31, Private,213643, HS-grad,9, Married-civ-spouse, Sales, Husband, White, Male,3908,0,40, United-States, <=50K
56, Self-emp-not-inc,233312, Masters,14, Married-civ-spouse, Craft-repair, Husband, White, Male,0,0,50, United-States, >50K
76, Local-gov,178665, 9th,5, Married-civ-spouse, Other-service, Husband, White, Male,0,0,30, United-States, <=50K
38, Private,103323, Some-college,10, Married-civ-spouse, Craft-repair, Husband, White, Male,7688,0,40, United-States, >50K
71, Private,157909, Some-college,10, Never-married, Other-service, Not-in-family, White, Female,2964,0,60, United-States, <=50K
49, Private,184428, Bachelors,13, Divorced, Adm-clerical, Not-in-family, White, Male,0,0,40, United-States, <=50K
29, Private,121523, 11th,7, Married-civ-spouse, Transport-moving, Husband, White, Male,0,0,60, United-States, <=50K
49, Private,239865, 11th,7, Married-civ-spouse, Transport-moving, Husband, White, Male,0,0,40, United-States, <=50K
31, Private,379046, HS-grad,9, Never-married, Handlers-cleaners, Own-child, Asian-Pac-Islander, Female,0,0,40, Vietnam, <=50K
48, Self-emp-not-inc,362883, HS-grad,9, Divorced, Craft-repair, Not-in-family, White, Male,0,0,60, United-States, >50K
25, Private,134821, HS-grad,9, Never-married, Adm-clerical, Own-child, White, Female,0,0,40, United-States, <=50K
67, ?,192916, HS-grad,9, Married-civ-spouse, ?, Husband, White, Male,3818,0,11, United-States, <=50K
50, State-gov,103063, Bachelors,13, Married-civ-spouse, Exec-managerial, Husband, White, Male,0,0,40, United-States, >50K
37, State-gov,34996, HS-grad,9, Separated, Other-service, Unmarried, White, Female,0,0,40, United-States, <=50K
35, Private,166549, 12th,8, Married-civ-spouse, Machine-op-inspct, Husband, White, Male,0,0,40, United-States, <=50K
26, Private,58426, HS-grad,9, Married-civ-spouse, Prof-specialty, Husband, White, Male,0,0,50, United-States, <=50K
23, Private,543028, HS-grad,9, Never-married, Sales, Own-child, Black, Male,0,0,40, United-States, <=50K
28, Private,61435, HS-grad,9, Married-civ-spouse, Craft-repair, Husband, White, Male,0,0,45, United-States, <=50K
50, Private,177896, Doctorate,16, Married-civ-spouse, Prof-specialty, Husband, White, Male,0,0,40, United-States, >50K
42, Local-gov,227890, Bachelors,13, Married-civ-spouse, Exec-managerial, Husband, White, Male,0,1485,40, United-States, <=50K
29, Private,138537, Assoc-voc,11, Married-civ-spouse, Craft-repair, Husband, Asian-Pac-Islander, Male,0,0,40, Laos, <=50K
24, Private,200819, 12th,8, Never-married, Sales, Not-in-family, White, Male,0,0,40, United-States, <=50K
21, ?,170038, Some-college,10, Never-married, ?, Own-child, White, Female,0,0,40, United-States, <=50K
56, Self-emp-not-inc,145574, HS-grad,9, Married-civ-spouse, Other-service, Husband, White, Male,0,1902,60, United-States, >50K
36, Federal-gov,255191, Masters,14, Never-married, Prof-specialty, Not-in-family, White, Male,0,1408,40, United-States, <=50K
67, Private,140849, HS-grad,9, Widowed, Other-service, Not-in-family, White, Female,0,0,24, United-States, <=50K
66, Private,113323, Bachelors,13, Married-civ-spouse, Prof-specialty, Husband, White, Male,20051,0,40, United-States, >50K
33, Private,167309, Bachelors,13, Never-married, Adm-clerical, Not-in-family, White, Male,0,0,40, United-States, <=50K
39, Private,165106, Bachelors,13, Married-spouse-absent, Craft-repair, Not-in-family, White, Male,0,1564,50, ?, >50K
64, Private,187601, Some-college,10, Widowed, Adm-clerical, Not-in-family, White, Female,0,0,40, United-States, <=50K
60, Private,75726, HS-grad,9, Divorced, Exec-managerial, Not-in-family, White, Female,0,1092,40, United-States, <=50K
50, Private,196975, HS-grad,9, Married-civ-spouse, Craft-repair, Husband, White, Male,0,0,40, United-States, >50K
53, Private,218311, HS-grad,9, Divorced, Sales, Not-in-family, White, Female,0,0,35, United-States, <=50K
53, Private,121618, 7th-8th,4, Never-married, Transport-moving, Not-in-family, Amer-Indian-Eskimo, Male,0,0,40, United-States, <=50K
45, Private,169092, HS-grad,9, Divorced, Sales, Not-in-family, White, Female,0,0,55, United-States, <=50K
70, Private,141742, Assoc-voc,11, Married-civ-spouse, Machine-op-inspct, Husband, White, Male,9386,0,50, United-States, >50K
47, Private,163814, 10th,6, Married-civ-spouse, Craft-repair, Husband, White, Male,0,0,40, United-States, <=50K
35, Private,193106, HS-grad,9, Separated, Adm-clerical, Unmarried, White, Female,0,0,32, United-States, <=50K
37, Self-emp-inc,27997, HS-grad,9, Never-married, Transport-moving, Not-in-family, White, Male,0,0,50, United-States, <=50K
47, Self-emp-not-inc,145290, HS-grad,9, Married-civ-spouse, Exec-managerial, Husband, White, Male,0,2415,50, United-States, >50K
35, Self-emp-not-inc,462832, HS-grad,9, Married-civ-spouse, Craft-repair, Wife, Black, Female,0,0,40, United-States, >50K
36, Private,65624, Bachelors,13, Never-married, Prof-specialty, Not-in-family, White, Male,0,0,40, United-States, <=50K
48, Private,188432, HS-grad,9, Married-civ-spouse, Machine-op-inspct, Husband, White, Male,3103,0,46, United-States, >50K
55, Private,189719, Bachelors,13, Married-civ-spouse, Exec-managerial, Husband, White, Male,0,0,45, United-States, >50K
52, Private,78012, HS-grad,9, Widowed, Sales, Unmarried, White, Female,0,1762,40, United-States, <=50K
48, Self-emp-inc,125892, Some-college,10, Married-civ-spouse, Sales, Husband, White, Male,0,0,38, United-States, >50K
45, State-gov,50567, HS-grad,9, Married-civ-spouse, Exec-managerial, Wife, White, Female,0,0,40, United-States, <=50K
38, Private,187264, HS-grad,9, Married-civ-spouse, Exec-managerial, Wife, White, Female,0,0,55, United-States, <=50K
18, Private,198614, 11th,7, Never-married, Sales, Own-child, Black, Female,0,0,8, United-States, <=50K
24, State-gov,147147, Bachelors,13, Never-married, Adm-clerical, Not-in-family, Black, Female,0,0,20, United-States, <=50K
45, ?,112453, HS-grad,9, Separated, ?, Not-in-family, Asian-Pac-Islander, Male,0,0,4, United-States, <=50K
47, Private,312088, HS-grad,9, Married-civ-spouse, Craft-repair, Husband, White, Male,0,0,40, United-States, <=50K
26, Private,219815, Some-college,10, Married-spouse-absent, Adm-clerical, Unmarried, White, Female,0,0,40, United-States, <=50K
49, Private,105444, 12th,8, Married-civ-spouse, Machine-op-inspct, Husband, White, Male,0,0,39, United-States, <=50K
33, Private,111567, Assoc-voc,11, Never-married, Craft-repair, Not-in-family, White, Male,0,0,40, United-States, <=50K
46, Private,79874, Bachelors,13, Married-civ-spouse, Exec-managerial, Husband, White, Male,0,0,53, United-States, >50K
57, Private,365683, HS-grad,9, Divorced, Machine-op-inspct, Not-in-family, White, Female,0,0,40, United-States, >50K
18, ?,261276, Some-college,10, Never-married, ?, Own-child, Black, Female,0,1602,40, Cambodia, <=50K
54, Private,35557, Some-college,10, Married-civ-spouse, Sales, Husband, White, Male,7298,0,50, United-States, >50K
18, Private,115443, 11th,7, Never-married, Handlers-cleaners, Not-in-family, White, Male,0,0,25, United-States, <=50K
34, Private,102858, HS-grad,9, Separated, Adm-clerical, Unmarried, White, Male,0,0,40, United-States, <=50K
27, Private,255582, HS-grad,9, Never-married, Machine-op-inspct, Not-in-family, White, Female,0,0,40, United-States, <=50K
44, Private,378251, HS-grad,9, Married-civ-spouse, Adm-clerical, Wife, White, Female,0,0,38, United-States, <=50K
32, Private,116138, Masters,14, Never-married, Tech-support, Not-in-family, Asian-Pac-Islander, Male,0,0,11, Taiwan, <=50K
39, Private,50700, HS-grad,9, Married-civ-spouse, Prof-specialty, Husband, White, Male,0,0,40, United-States, <=50K
18, Private,192583, Some-college,10, Never-married, Sales, Not-in-family, White, Female,0,0,30, United-States, <=50K
40, Private,130571, HS-grad,9, Never-married, Other-service, Not-in-family, White, Female,0,0,40, United-States, <=50K
37, Local-gov,327120, Some-college,10, Married-civ-spouse, Transport-moving, Husband, White, Male,0,0,30, United-States, <=50K
38, Private,144860, HS-grad,9, Married-civ-spouse, Craft-repair, Husband, White, Male,0,0,65, United-States, <=50K
73, ?,84053, HS-grad,9, Widowed, ?, Not-in-family, White, Female,0,0,15, United-States, <=50K
39, Private,173175, Bachelors,13, Married-civ-spouse, Exec-managerial, Husband, White, Male,15024,0,50, United-States, >50K
34, Private,175878, Some-college,10, Never-married, Craft-repair, Not-in-family, White, Male,0,0,40, United-States, <=50K
31, Private,234976, 11th,7, Never-married, Adm-clerical, Unmarried, White, Female,0,0,48, United-States, <=50K
19, Private,279968, Some-college,10, Never-married, Adm-clerical, Own-child, White, Female,0,0,20, United-States, <=50K
48, Private,216214, 11th,7, Married-civ-spouse, Machine-op-inspct, Husband, White, Male,0,0,40, United-States, <=50K
21, Private,306114, Some-college,10, Never-married, Adm-clerical, Own-child, White, Male,0,0,20, United-States, <=50K
30, Private,190385, Bachelors,13, Married-civ-spouse, Other-service, Wife, White, Female,0,0,40, United-States, >50K
61, Self-emp-not-inc,84409, Doctorate,16, Married-civ-spouse, Prof-specialty, Husband, White, Male,0,0,40, United-States, >50K
21, Private,111676, Some-college,10, Never-married, Other-service, Not-in-family, White, Female,0,0,40, United-States, <=50K
32, State-gov,542265, HS-grad,9, Never-married, Adm-clerical, Not-in-family, White, Female,0,0,40, United-States, <=50K
50, Private,109277, HS-grad,9, Married-civ-spouse, Machine-op-inspct, Husband, White, Male,0,0,40, United-States, >50K
37, Private,94334, 7th-8th,4, Never-married, Machine-op-inspct, Own-child, White, Female,0,0,25, United-States, <=50K
37, Self-emp-not-inc,174308, HS-grad,9, Married-civ-spouse, Craft-repair, Husband, White, Male,0,0,40, United-States, <=50K
27, Private,202206, 11th,7, Separated, Farming-fishing, Other-relative, White, Male,0,0,40, Puerto-Rico, <=50K
23, Private,38238, Bachelors,13, Never-married, Other-service, Own-child, White, Male,0,0,40, United-States, <=50K
45, Federal-gov,98524, Assoc-acdm,12, Married-civ-spouse, Adm-clerical, Husband, White, Male,0,0,40, United-States, >50K
40, Private,323790, Some-college,10, Married-civ-spouse, Other-service, Husband, White, Male,0,0,40, United-States, <=50K
24, Private,223515, HS-grad,9, Married-civ-spouse, Craft-repair, Husband, White, Male,0,0,45, United-States, <=50K
40, Self-emp-not-inc,325159, Some-college,10, Married-civ-spouse, Tech-support, Husband, White, Male,0,0,50, United-States, >50K
18, Private,102182, 12th,8, Never-married, Priv-house-serv, Not-in-family, White, Female,0,0,30, United-States, <=50K
48, Private,193553, HS-grad,9, Divorced, Other-service, Not-in-family, Black, Female,0,0,20, United-States, <=50K
32, Private,166634, HS-grad,9, Married-civ-spouse, Machine-op-inspct, Husband, Black, Male,0,0,40, United-States, <=50K
21, Private,191460, 11th,7, Never-married, Other-service, Unmarried, Black, Female,0,0,40, United-States, <=50K
71, Private,187493, HS-grad,9, Married-civ-spouse, Protective-serv, Husband, White, Male,0,0,40, United-States, >50K
33, Private,236379, Bachelors,13, Married-civ-spouse, Sales, Husband, White, Male,0,0,45, United-States, <=50K
35, Private,141896, 12th,8, Married-civ-spouse, Craft-repair, Husband, White, Male,0,0,40, United-States, <=50K
28, Federal-gov,188278, Bachelors,13, Never-married, Protective-serv, Not-in-family, White, Male,0,0,50, United-States, <=50K
64, Federal-gov,271550, Some-college,10, Married-civ-spouse, Transport-moving, Husband, White, Male,0,0,40, United-States, >50K
37, Private,279029, Bachelors,13, Never-married, Craft-repair, Not-in-family, White, Male,0,0,40, United-States, <=50K
37, State-gov,160402, Bachelors,13, Married-civ-spouse, Prof-specialty, Husband, White, Male,0,0,55, United-States, >50K
58, Private,49893, Some-college,10, Married-civ-spouse, Sales, Husband, White, Male,0,0,45, United-States, <=50K
26, Private,244372, HS-grad,9, Married-civ-spouse, Adm-clerical, Wife, White, Female,0,0,52, United-States, >50K
20, Private,282604, Some-college,10, Never-married, Handlers-cleaners, Other-relative, White, Male,0,0,20, United-States, <=50K
43, Private,185057, HS-grad,9, Divorced, Exec-managerial, Not-in-family, White, Female,0,0,30, United-States, >50K
61, Private,35649, Some-college,10, Married-civ-spouse, Other-service, Husband, White, Male,0,0,6, United-States, <=50K
39, Private,144608, Bachelors,13, Never-married, Prof-specialty, Not-in-family, White, Male,0,0,40, ?, >50K
61, Private,129246, 10th,6, Married-civ-spouse, Craft-repair, Husband, White, Male,0,0,48, United-States, <=50K
53, Private,149784, HS-grad,9, Married-civ-spouse, Machine-op-inspct, Husband, White, Male,0,0,40, United-States, <=50K
45, Private,201865, Bachelors,13, Married-spouse-absent, Exec-managerial, Unmarried, White, Male,0,0,40, United-States, <=50K
38, Private,430035, 9th,5, Married-civ-spouse, Farming-fishing, Husband, White, Male,0,0,54, Mexico, <=50K
24, Private,117583, Bachelors,13, Never-married, Exec-managerial, Own-child, White, Male,0,0,48, United-States, <=50K
30, ?,96851, Some-college,10, Never-married, ?, Not-in-family, White, Female,0,1719,25, United-States, <=50K
22, Private,103440, HS-grad,9, Never-married, Other-service, Not-in-family, White, Female,0,0,24, United-States, <=50K
49, Private,278322, HS-grad,9, Married-civ-spouse, Craft-repair, Husband, White, Male,0,0,40, United-States, >50K
39, Private,96452, Masters,14, Married-civ-spouse, Exec-managerial, Husband, White, Male,0,0,55, United-States, >50K
52, Private,178983, Doctorate,16, Married-civ-spouse, Prof-specialty, Husband, White, Male,0,0,40, ?, >50K
43, Private,225193, HS-grad,9, Married-civ-spouse, Sales, Husband, White, Male,0,0,40, United-States, <=50K
46, Local-gov,167159, Some-college,10, Married-civ-spouse, Protective-serv, Husband, White, Male,0,0,70, United-States, >50K
30, Private,207301, HS-grad,9, Never-married, Sales, Not-in-family, White, Female,0,1980,40, United-States, <=50K
50, Private,175804, HS-grad,9, Married-civ-spouse, Sales, Husband, White, Male,0,0,48, United-States, <=50K
35, Private,164526, HS-grad,9, Married-civ-spouse, Other-service, Husband, White, Male,0,0,40, Yugoslavia, >50K
50, Local-gov,96062, HS-grad,9, Married-civ-spouse, Protective-serv, Husband, White, Male,0,0,40, United-States, <=50K
40, Self-emp-not-inc,99651, Some-college,10, Married-civ-spouse, Prof-specialty, Husband, White, Male,0,0,60, United-States, <=50K
25, Private,191921, Some-college,10, Never-married, Transport-moving, Own-child, White, Male,0,0,40, United-States, <=50K
25, Local-gov,206002, HS-grad,9, Divorced, Tech-support, Unmarried, White, Female,0,0,40, United-States, <=50K
65, Self-emp-not-inc,139960, HS-grad,9, Married-civ-spouse, Farming-fishing, Husband, White, Male,10605,0,60, United-States, >50K
27, Private,266973, HS-grad,9, Married-civ-spouse, Craft-repair, Husband, White, Male,0,0,60, United-States, <=50K
37, Local-gov,218184, Bachelors,13, Married-civ-spouse, Prof-specialty, Husband, White, Male,0,1887,40, United-States, >50K
25, Private,49092, Bachelors,13, Never-married, Other-service, Own-child, White, Male,0,0,40, United-States, <=50K
43, Private,62857, Some-college,10, Married-civ-spouse, Craft-repair, Husband, White, Male,0,0,60, United-States, <=50K
26, Private,138152, 12th,8, Never-married, Craft-repair, Other-relative, Other, Male,0,0,48, Guatemala, <=50K
33, Private,197424, HS-grad,9, Married-civ-spouse, Exec-managerial, Husband, White, Male,5013,0,40, United-States, <=50K
36, State-gov,119272, HS-grad,9, Married-civ-spouse, Protective-serv, Husband, White, Male,7298,0,40, United-States, >50K
36, Private,206521, Bachelors,13, Married-civ-spouse, Sales, Husband, White, Male,0,0,60, United-States, >50K
57, Self-emp-inc,125000, Prof-school,15, Married-civ-spouse, Prof-specialty, Husband, White, Male,0,0,35, United-States, >50K
35, ?,144172, Assoc-acdm,12, Married-civ-spouse, ?, Wife, White, Female,0,0,16, United-States, <=50K
47, State-gov,120429, Doctorate,16, Married-civ-spouse, Prof-specialty, Husband, White, Male,15024,0,50, United-States, >50K
38, Private,227794, Bachelors,13, Never-married, Adm-clerical, Not-in-family, Black, Male,0,0,40, United-States, <=50K
20, Private,176321, 12th,8, Never-married, Adm-clerical, Own-child, White, Female,0,0,40, Mexico, <=50K
46, Self-emp-inc,181413, Assoc-acdm,12, Married-civ-spouse, Exec-managerial, Wife, White, Female,0,0,40, United-States, <=50K
28, Private,96219, Bachelors,13, Married-civ-spouse, Other-service, Wife, White, Female,0,0,15, United-States, <=50K
40, Private,478205, Bachelors,13, Never-married, Prof-specialty, Other-relative, White, Female,0,0,40, United-States, <=50K
53, Private,194501, 11th,7, Widowed, Other-service, Own-child, White, Female,0,0,47, United-States, <=50K
42, Private,209392, HS-grad,9, Divorced, Protective-serv, Not-in-family, Black, Male,0,0,35, United-States, <=50K
63, Private,205246, HS-grad,9, Married-civ-spouse, Machine-op-inspct, Husband, Black, Male,0,0,40, United-States, <=50K
32, Private,126132, Bachelors,13, Married-civ-spouse, Exec-managerial, Husband, White, Male,15024,0,50, United-States, >50K
51, Federal-gov,163671, Bachelors,13, Married-civ-spouse, Exec-managerial, Husband, White, Male,0,1902,40, United-States, <=50K
41, Local-gov,32185, Masters,14, Married-civ-spouse, Exec-managerial, Husband, White, Male,0,0,40, United-States, >50K
48, ?,174533, 11th,7, Separated, ?, Unmarried, White, Male,0,0,40, United-States, <=50K
52, Private,99185, HS-grad,9, Married-civ-spouse, Sales, Husband, White, Male,7298,0,50, United-States, >50K
37, Private,291251, HS-grad,9, Divorced, Machine-op-inspct, Not-in-family, White, Female,0,0,40, United-States, <=50K
40, Private,377322, HS-grad,9, Married-civ-spouse, Craft-repair, Husband, Black, Male,0,0,40, United-States, >50K
22, Private,279802, Some-college,10, Never-married, Adm-clerical, Own-child, White, Female,0,0,40, United-States, <=50K
36, ?,389850, HS-grad,9, Married-spouse-absent, ?, Unmarried, Black, Male,0,0,50, United-States, <=50K
63, Federal-gov,39181, Doctorate,16, Divorced, Exec-managerial, Not-in-family, White, Female,0,2559,60, United-States, >50K
44, Self-emp-not-inc,201742, Bachelors,13, Married-civ-spouse, Exec-managerial, Husband, White, Male,0,2415,50, United-States, >50K
28, Private,199566, Bachelors,13, Married-civ-spouse, Other-service, Husband, Black, Male,0,0,40, United-States, <=50K
28, Private,68021, Some-college,10, Never-married, Other-service, Not-in-family, White, Female,0,0,30, United-States, <=50K
71, Self-emp-not-inc,322789, HS-grad,9, Married-civ-spouse, Farming-fishing, Husband, Amer-Indian-Eskimo, Male,0,0,35, United-States, <=50K
26, Private,51961, Bachelors,13, Never-married, Adm-clerical, Not-in-family, Black, Male,0,0,20, United-States, <=50K
34, Private,249948, Some-college,10, Divorced, Other-service, Not-in-family, White, Female,0,0,34, United-States, <=50K
29, Private,255817, 5th-6th,3, Never-married, Other-service, Other-relative, White, Female,0,0,40, El-Salvador, <=50K
41, Local-gov,248406, HS-grad,9, Separated, Transport-moving, Own-child, White, Male,0,0,40, United-States, <=50K
17, Private,111332, 11th,7, Never-married, Sales, Own-child, White, Female,0,0,20, United-States, <=50K
31, Private,330715, HS-grad,9, Separated, Other-service, Not-in-family, White, Male,0,0,40, United-States, <=50K
60, State-gov,165827, Doctorate,16, Married-civ-spouse, Prof-specialty, Husband, White, Male,7688,0,60, United-States, >50K
49, Private,107682, Some-college,10, Divorced, Adm-clerical, Not-in-family, White, Female,0,0,38, United-States, <=50K
45, Self-emp-inc,178344, Assoc-voc,11, Divorced, Sales, Unmarried, White, Female,0,0,30, United-States, <=50K
50, Private,50178, HS-grad,9, Married-civ-spouse, Tech-support, Husband, White, Male,0,0,40, United-States, >50K
35, Private,139770, HS-grad,9, Never-married, Adm-clerical, Own-child, White, Female,6849,0,40, United-States, <=50K
58, Federal-gov,30111, Some-college,10, Widowed, Prof-specialty, Unmarried, Amer-Indian-Eskimo, Female,0,0,40, United-States, <=50K
38, Self-emp-not-inc,93206, Bachelors,13, Married-civ-spouse, Exec-managerial, Husband, Asian-Pac-Islander, Male,0,1902,65, United-States, >50K
42, Private,376072, HS-grad,9, Married-civ-spouse, Transport-moving, Husband, White, Male,0,0,30, United-States, <=50K
31, Private,292592, HS-grad,9, Married-civ-spouse, Machine-op-inspct, Wife, White, Female,0,0,40, United-States, <=50K
33, Private,169496, HS-grad,9, Married-civ-spouse, Handlers-cleaners, Husband, White, Male,0,0,40, United-States, <=50K
73, Private,77884, HS-grad,9, Married-civ-spouse, Farming-fishing, Husband, Asian-Pac-Islander, Male,0,0,40, Philippines, <=50K
45, Private,190115, Assoc-acdm,12, Divorced, Exec-managerial, Unmarried, White, Male,0,0,40, United-States, <=50K
61, Private,124242, HS-grad,9, Married-civ-spouse, Protective-serv, Husband, Black, Male,0,0,40, India, <=50K
21, Private,203894, Assoc-voc,11, Never-married, Adm-clerical, Own-child, White, Female,0,0,40, United-States, <=50K
17, Private,31007, 10th,6, Never-married, Other-service, Own-child, White, Female,0,0,30, United-States, <=50K
47, Self-emp-not-inc,258498, Some-college,10, Married-civ-spouse, Other-service, Wife, White, Female,0,0,52, United-States, <=50K
30, Private,151967, Some-college,10, Married-civ-spouse, Craft-repair, Husband, White, Male,0,0,58, United-States, <=50K
27, Private,110648, Bachelors,13, Never-married, Tech-support, Own-child, White, Male,0,0,40, United-States, <=50K
53, Self-emp-not-inc,137547, Prof-school,15, Never-married, Prof-specialty, Not-in-family, Asian-Pac-Islander, Male,27828,0,40, Philippines, >50K
44, Self-emp-not-inc,230684, HS-grad,9, Married-civ-spouse, Transport-moving, Husband, White, Male,0,0,55, United-States, <=50K
23, Private,160398, Some-college,10, Married-spouse-absent, Handlers-cleaners, Unmarried, White, Male,0,0,40, United-States, <=50K
35, Private,194591, Some-college,10, Married-civ-spouse, Tech-support, Husband, White, Male,0,0,40, United-States, <=50K
22, Private,160398, Some-college,10, Never-married, Sales, Other-relative, White, Male,0,0,38, United-States, <=50K
39, Private,80410, Bachelors,13, Never-married, Exec-managerial, Not-in-family, White, Male,0,0,40, United-States, <=50K
38, Private,207568, Bachelors,13, Married-civ-spouse, Exec-managerial, Husband, White, Male,5178,0,40, United-States, >50K
51, Self-emp-inc,28765, Prof-school,15, Married-civ-spouse, Prof-specialty, Husband, White, Male,0,0,60, United-States, >50K
55, Private,101468, HS-grad,9, Married-civ-spouse, Craft-repair, Husband, White, Male,3103,0,40, United-States, >50K
51, Self-emp-inc,192973, Bachelors,13, Married-civ-spouse, Protective-serv, Husband, Black, Male,0,0,40, United-States, >50K
23, Private,85088, Some-college,10, Never-married, Other-service, Own-child, White, Female,0,0,37, United-States, <=50K
31, Private,156743, Masters,14, Married-civ-spouse, Sales, Husband, White, Male,0,0,76, United-States, >50K
43, ?,214541, HS-grad,9, Married-civ-spouse, ?, Husband, White, Male,0,0,35, United-States, <=50K
54, Private,88278, Doctorate,16, Married-civ-spouse, Prof-specialty, Husband, White, Male,0,1977,50, United-States, >50K
54, Private,308087, Some-college,10, Married-civ-spouse, Tech-support, Husband, White, Male,0,1977,18, United-States, >50K
60, Self-emp-not-inc,153356, HS-grad,9, Divorced, Sales, Not-in-family, Black, Male,2597,0,55, United-States, <=50K
39, Private,179579, HS-grad,9, Never-married, Craft-repair, Own-child, White, Male,0,0,40, United-States, <=50K
41, ?,277390, Bachelors,13, Married-civ-spouse, ?, Wife, White, Female,0,0,30, United-States, >50K
40, Self-emp-inc,344060, Prof-school,15, Married-civ-spouse, Prof-specialty, Husband, White, Male,0,0,50, United-States, >50K
22, Private,230704, Assoc-acdm,12, Never-married, Handlers-cleaners, Own-child, Black, Male,0,0,20, Jamaica, <=50K
19, Private,318822, Some-college,10, Never-married, Adm-clerical, Other-relative, White, Female,0,0,40, United-States, <=50K
60, Private,54800, HS-grad,9, Married-civ-spouse, Other-service, Wife, White, Female,0,0,40, United-States, <=50K
32, Self-emp-not-inc,129497, Some-college,10, Married-civ-spouse, Craft-repair, Husband, White, Male,0,0,55, United-States, >50K
48, State-gov,49595, Masters,14, Divorced, Protective-serv, Not-in-family, White, Male,0,0,72, United-States, <=50K
19, State-gov,127085, Some-college,10, Never-married, Other-service, Own-child, White, Male,0,0,10, United-States, <=50K
24, Private,102493, HS-grad,9, Married-civ-spouse, Handlers-cleaners, Husband, White, Male,0,0,40, United-States, <=50K
61, Private,98350, Preschool,1, Married-spouse-absent, Other-service, Not-in-family, Asian-Pac-Islander, Male,0,0,40, China, <=50K
73, Private,220019, 9th,5, Widowed, Other-service, Unmarried, White, Female,0,0,9, United-States, <=50K
21, Private,518530, Some-college,10, Never-married, Adm-clerical, Own-child, White, Female,0,0,40, United-States, <=50K
32, Private,35595, Bachelors,13, Never-married, Adm-clerical, Not-in-family, White, Male,0,0,40, United-States, <=50K
60, Self-emp-inc,210827, Bachelors,13, Married-civ-spouse, Prof-specialty, Husband, White, Male,7688,0,40, United-States, >50K
37, Private,166497, Bachelors,13, Divorced, Craft-repair, Not-in-family, White, Male,0,0,35, United-States, <=50K
36, Self-emp-not-inc,180686, Prof-school,15, Married-civ-spouse, Prof-specialty, Husband, White, Male,0,0,50, United-States, <=50K
43, Self-emp-not-inc,355856, Bachelors,13, Married-civ-spouse, Exec-managerial, Husband, Asian-Pac-Islander, Male,0,0,50, Philippines, <=50K
31, Private,352465, Some-college,10, Married-civ-spouse, Exec-managerial, Husband, White, Male,15024,0,50, United-States, >50K
34, Private,400416, 11th,7, Never-married, Machine-op-inspct, Own-child, Black, Male,0,0,45, United-States, <=50K
35, Private,111128, 10th,6, Never-married, Adm-clerical, Own-child, White, Male,0,0,40, United-States, <=50K
46, Federal-gov,33794, Bachelors,13, Married-civ-spouse, Tech-support, Husband, White, Male,3103,0,40, United-States, >50K
41, Self-emp-not-inc,29762, Some-college,10, Married-civ-spouse, Farming-fishing, Husband, White, Male,5013,0,70, United-States, <=50K
40, Self-emp-inc,142444, Bachelors,13, Never-married, Prof-specialty, Not-in-family, White, Female,0,0,45, United-States, <=50K
22, Private,156822, 10th,6, Never-married, Sales, Not-in-family, White, Female,0,1762,25, United-States, <=50K
41, Private,205153, Assoc-voc,11, Married-civ-spouse, Exec-managerial, Husband, White, Male,0,0,40, United-States, <=50K
26, State-gov,272986, Assoc-acdm,12, Never-married, Adm-clerical, Own-child, Black, Female,0,0,8, United-States, <=50K
41, Private,207578, Assoc-acdm,12, Married-civ-spouse, Exec-managerial, Husband, Black, Male,0,0,50, India, >50K
43, Private,111895, Bachelors,13, Married-civ-spouse, Prof-specialty, Husband, White, Male,0,0,50, United-States, >50K
54, Federal-gov,175083, HS-grad,9, Never-married, Adm-clerical, Unmarried, White, Female,0,0,20, United-States, <=50K
26, Private,245628, Some-college,10, Never-married, Adm-clerical, Other-relative, White, Male,0,0,40, Mexico, <=50K
18, Private,141363, Some-college,10, Never-married, Other-service, Not-in-family, White, Female,0,0,40, United-States, <=50K
29, Private,210498, HS-grad,9, Married-civ-spouse, Craft-repair, Husband, White, Male,0,0,40, United-States, <=50K
42, Private,185413, Bachelors,13, Married-civ-spouse, Exec-managerial, Husband, White, Male,0,0,40, United-States, <=50K
48, Private,209182, Preschool,1, Separated, Other-service, Unmarried, White, Female,0,0,40, El-Salvador, <=50K
20, Private,217807, Some-college,10, Never-married, Handlers-cleaners, Own-child, White, Male,0,0,35, United-States, <=50K
34, Self-emp-inc,154120, HS-grad,9, Never-married, Farming-fishing, Own-child, White, Male,0,0,55, United-States, <=50K
32, Private,205528, HS-grad,9, Divorced, Adm-clerical, Unmarried, White, Female,0,0,40, United-States, <=50K
19, Private,277974, Some-college,10, Never-married, Sales, Own-child, White, Male,0,0,35, United-States, <=50K
40, Local-gov,319271, Masters,14, Married-civ-spouse, Exec-managerial, Husband, White, Male,0,0,60, United-States, >50K
38, Local-gov,252250, Assoc-acdm,12, Married-civ-spouse, Protective-serv, Husband, White, Male,0,0,56, United-States, >50K
48, Private,62605, HS-grad,9, Divorced, Adm-clerical, Not-in-family, White, Female,0,0,35, United-States, <=50K
27, Private,152246, HS-grad,9, Never-married, Machine-op-inspct, Own-child, Asian-Pac-Islander, Male,0,0,40, Philippines, <=50K
34, Local-gov,240252, Masters,14, Married-civ-spouse, Exec-managerial, Husband, White, Male,0,0,40, United-States, >50K
20, Private,286391, Some-college,10, Never-married, Adm-clerical, Own-child, White, Female,2176,0,20, United-States, <=50K
43, Private,477983, HS-grad,9, Married-civ-spouse, Handlers-cleaners, Husband, Black, Male,0,0,40, United-States, <=50K
32, Private,185410, HS-grad,9, Never-married, Adm-clerical, Not-in-family, White, Female,0,0,40, United-States, <=50K
48, ?,355890, Bachelors,13, Married-civ-spouse, ?, Husband, White, Male,0,0,55, United-States, >50K
29, Private,87905, HS-grad,9, Divorced, Other-service, Not-in-family, White, Male,10520,0,40, United-States, >50K
27, ?,251854, Bachelors,13, Married-civ-spouse, ?, Wife, Black, Female,0,0,35, ?, >50K
36, Private,203482, HS-grad,9, Married-civ-spouse, Machine-op-inspct, Husband, White, Male,0,0,40, United-States, <=50K
44, Local-gov,197919, Some-college,10, Divorced, Other-service, Unmarried, White, Female,0,0,40, United-States, <=50K
34, Local-gov,51543, Some-college,10, Never-married, Other-service, Not-in-family, White, Male,0,0,48, United-States, <=50K
27, Private,191822, HS-grad,9, Married-civ-spouse, Sales, Wife, White, Female,0,0,50, United-States, <=50K
45, Private,183092, Assoc-acdm,12, Never-married, Adm-clerical, Not-in-family, Black, Female,0,0,40, United-States, <=50K
17, ?,659273, 11th,7, Never-married, ?, Own-child, Black, Female,0,0,40, Trinadad&Tobago, <=50K
27, Private,193701, HS-grad,9, Never-married, Craft-repair, Own-child, White, Female,0,0,45, United-States, <=50K
59, Private,284834, Bachelors,13, Married-civ-spouse, Adm-clerical, Wife, White, Female,2885,0,30, United-States, <=50K
66, Private,350498, Some-college,10, Married-civ-spouse, Transport-moving, Husband, White, Male,0,1258,20, United-States, <=50K
28, Private,37933, HS-grad,9, Never-married, Other-service, Not-in-family, Black, Female,0,0,48, United-States, <=50K
31, Federal-gov,206823, Bachelors,13, Divorced, Protective-serv, Not-in-family, White, Male,0,0,50, United-States, >50K
62, Private,131117, 7th-8th,4, Divorced, Tech-support, Unmarried, White, Female,0,0,38, Columbia, <=50K
36, Private,104772, HS-grad,9, Divorced, Craft-repair, Unmarried, White, Male,0,0,48, United-States, <=50K
51, Private,197656, Some-college,10, Married-civ-spouse, Exec-managerial, Husband, White, Male,0,0,45, United-States, >50K
49, Self-emp-not-inc,208872, HS-grad,9, Married-civ-spouse, Farming-fishing, Husband, White, Male,0,1672,98, United-States, <=50K
26, Self-emp-not-inc,258306, 10th,6, Married-civ-spouse, Farming-fishing, Husband, White, Male,0,0,99, United-States, <=50K
20, Private,161978, HS-grad,9, Separated, Machine-op-inspct, Own-child, White, Male,0,0,40, United-States, <=50K
48, Private,344415, Bachelors,13, Married-spouse-absent, Prof-specialty, Not-in-family, White, Male,0,0,37, United-States, >50K
64, Self-emp-not-inc,253296, HS-grad,9, Widowed, Other-service, Other-relative, White, Female,0,0,40, United-States, <=50K
55, Private,231738, HS-grad,9, Divorced, Sales, Not-in-family, White, Female,0,0,40, England, <=50K
25, Private,204536, HS-grad,9, Never-married, Craft-repair, Not-in-family, White, Male,0,0,35, United-States, <=50K
21, ?,212888, 11th,7, Married-civ-spouse, ?, Wife, White, Female,0,0,56, United-States, <=50K
23, Private,107882, Bachelors,13, Never-married, Adm-clerical, Own-child, White, Female,0,0,40, United-States, <=50K
27, Private,261375, Bachelors,13, Never-married, Adm-clerical, Own-child, Black, Female,0,0,40, United-States, <=50K
38, Self-emp-inc,299036, Bachelors,13, Married-civ-spouse, Sales, Husband, White, Male,0,0,55, United-States, >50K
28, Private,211032, Some-college,10, Never-married, Adm-clerical, Own-child, White, Male,0,0,40, United-States, <=50K
44, Local-gov,174684, HS-grad,9, Divorced, Craft-repair, Unmarried, Black, Male,0,0,40, United-States, <=50K
36, Private,163237, Assoc-acdm,12, Married-civ-spouse, Adm-clerical, Husband, White, Male,0,0,40, United-States, >50K
35, Private,41777, 12th,8, Never-married, Farming-fishing, Not-in-family, White, Male,0,0,20, United-States, <=50K
33, Private,93206, 5th-6th,3, Married-civ-spouse, Farming-fishing, Husband, Asian-Pac-Islander, Male,0,0,40, Philippines, <=50K
40, Self-emp-inc,64885, Masters,14, Married-civ-spouse, Sales, Husband, White, Male,0,0,70, United-States, >50K
29, Private,178551, HS-grad,9, Married-civ-spouse, Transport-moving, Husband, White, Male,0,0,40, United-States, <=50K
50, Private,120914, 11th,7, Married-civ-spouse, Craft-repair, Husband, White, Male,0,0,40, United-States, <=50K
25, Private,176729, Bachelors,13, Married-civ-spouse, Craft-repair, Husband, White, Male,0,0,60, United-States, >50K
22, Private,370548, Assoc-voc,11, Never-married, Craft-repair, Not-in-family, White, Male,0,0,30, United-States, <=50K
34, Private,29235, Assoc-acdm,12, Divorced, Prof-specialty, Not-in-family, White, Female,0,0,40, United-States, <=50K
48, Self-emp-not-inc,139212, Some-college,10, Divorced, Craft-repair, Not-in-family, White, Male,0,0,40, United-States, <=50K
61, Private,72442, 11th,7, Married-civ-spouse, Other-service, Husband, White, Male,0,0,40, United-States, >50K
32, Private,349028, HS-grad,9, Married-civ-spouse, Craft-repair, Husband, White, Male,0,0,40, United-States, <=50K
33, Private,356015, HS-grad,9, Separated, Craft-repair, Not-in-family, Amer-Indian-Eskimo, Male,0,0,35, Hong, <=50K
18, Private,151866, Some-college,10, Never-married, Sales, Not-in-family, White, Female,0,0,20, United-States, <=50K
35, Private,116541, Masters,14, Never-married, Prof-specialty, Own-child, White, Male,0,0,44, United-States, >50K
42, Private,162140, Bachelors,13, Married-civ-spouse, Exec-managerial, Husband, White, Male,7298,0,45, United-States, >50K
27, Private,41099, Some-college,10, Never-married, Sales, Not-in-family, White, Male,0,0,50, United-States, <=50K
50, Federal-gov,307555, Bachelors,13, Divorced, Prof-specialty, Not-in-family, White, Male,0,0,60, United-States, >50K
24, Private,109307, HS-grad,9, Never-married, Sales, Own-child, White, Male,0,0,45, United-States, <=50K
27, Private,160972, HS-grad,9, Married-civ-spouse, Craft-repair, Husband, White, Male,0,0,50, United-States, <=50K
31, Self-emp-not-inc,162442, Bachelors,13, Married-civ-spouse, Exec-managerial, Wife, White, Female,0,0,40, United-States, >50K
24, Private,73514, Some-college,10, Never-married, Sales, Not-in-family, Asian-Pac-Islander, Female,0,0,50, Philippines, <=50K
38, Local-gov,289430, HS-grad,9, Divorced, Protective-serv, Not-in-family, White, Male,0,0,56, United-States, <=50K
20, Private,219262, Some-college,10, Never-married, Sales, Own-child, White, Male,0,0,40, United-States, <=50K
75, Private,101887, 10th,6, Widowed, Priv-house-serv, Not-in-family, White, Female,0,0,70, United-States, <=50K
66, ?,37331, HS-grad,9, Married-civ-spouse, ?, Husband, White, Male,0,0,15, United-States, <=50K
41, Private,95047, Assoc-voc,11, Married-civ-spouse, Adm-clerical, Wife, White, Female,7688,0,44, United-States, >50K
20, ?,287681, Some-college,10, Never-married, ?, Own-child, White, Male,0,0,36, United-States, <=50K
33, Private,213813, Some-college,10, Divorced, Tech-support, Unmarried, White, Female,0,0,40, United-States, <=50K
26, Private,227489, Some-college,10, Never-married, Handlers-cleaners, Other-relative, Black, Male,0,0,40, ?, <=50K
23, Private,340543, Bachelors,13, Never-married, Exec-managerial, Not-in-family, White, Female,0,0,38, United-States, <=50K
58, Private,68624, HS-grad,9, Married-civ-spouse, Exec-managerial, Husband, White, Male,0,0,45, United-States, <=50K
18, ?,139003, HS-grad,9, Never-married, ?, Other-relative, Other, Female,0,0,12, United-States, <=50K
45, Private,158685, HS-grad,9, Separated, Sales, Not-in-family, White, Female,0,0,40, United-States, <=50K
24, Private,184839, Some-college,10, Never-married, Machine-op-inspct, Not-in-family, White, Male,0,0,40, United-States, <=50K
21, Private,304949, Some-college,10, Never-married, Prof-specialty, Own-child, White, Female,0,0,10, United-States, <=50K
56, Private,134153, 10th,6, Married-civ-spouse, Adm-clerical, Husband, Black, Male,0,0,40, United-States, <=50K
56, Self-emp-not-inc,222182, HS-grad,9, Married-civ-spouse, Exec-managerial, Husband, Black, Male,0,0,45, United-States, <=50K
49, Self-emp-not-inc,233059, HS-grad,9, Married-civ-spouse, Craft-repair, Husband, White, Male,0,0,60, United-States, <=50K
31, Federal-gov,351141, HS-grad,9, Married-civ-spouse, Tech-support, Husband, White, Male,0,0,40, United-States, <=50K
46, Federal-gov,371373, HS-grad,9, Divorced, Adm-clerical, Not-in-family, White, Male,0,0,40, United-States, <=50K
61, Private,170262, HS-grad,9, Married-civ-spouse, Exec-managerial, Wife, White, Female,15024,0,38, United-States, >50K
26, Private,125089, Some-college,10, Never-married, Exec-managerial, Not-in-family, White, Male,0,0,40, United-States, <=50K
28, Private,180007, Some-college,10, Never-married, Handlers-cleaners, Own-child, White, Male,0,0,40, United-States, <=50K
33, Private,144064, Bachelors,13, Married-civ-spouse, Exec-managerial, Husband, White, Male,0,0,50, United-States, <=50K
25, Private,458549, 1st-4th,2, Married-civ-spouse, Farming-fishing, Husband, White, Male,0,0,96, Mexico, <=50K
57, Private,136107, 9th,5, Married-civ-spouse, Craft-repair, Husband, Black, Male,0,0,40, United-States, >50K
64, Local-gov,96076, Assoc-voc,11, Married-civ-spouse, Exec-managerial, Husband, White, Male,0,0,40, United-States, >50K
35, ?,317780, Some-college,10, Never-married, ?, Unmarried, Black, Female,0,0,40, United-States, <=50K
18, Private,39222, 11th,7, Never-married, Other-service, Own-child, White, Male,0,0,40, United-States, <=50K
66, Private,167711, HS-grad,9, Widowed, Sales, Not-in-family, White, Female,0,0,40, United-States, >50K
30, Private,110594, HS-grad,9, Divorced, Adm-clerical, Own-child, White, Female,0,0,40, United-States, <=50K
27, State-gov,280618, Masters,14, Never-married, Prof-specialty, Not-in-family, White, Male,0,0,40, United-States, <=50K
67, Self-emp-not-inc,179285, Bachelors,13, Married-civ-spouse, Sales, Husband, White, Male,0,0,30, United-States, <=50K
22, Private,202745, HS-grad,9, Never-married, Machine-op-inspct, Other-relative, White, Male,0,0,55, United-States, <=50K
39, Private,65738, Masters,14, Never-married, Other-service, Not-in-family, White, Female,0,0,32, United-States, <=50K
29, Private,111900, Some-college,10, Married-civ-spouse, Farming-fishing, Husband, White, Male,0,0,40, United-States, <=50K
25, Local-gov,197728, Bachelors,13, Never-married, Exec-managerial, Not-in-family, White, Female,0,0,20, United-States, <=50K
48, Private,94461, HS-grad,9, Widowed, Machine-op-inspct, Not-in-family, White, Female,0,0,16, United-States, <=50K
56, Federal-gov,196307, Doctorate,16, Married-civ-spouse, Prof-specialty, Husband, White, Male,0,0,40, United-States, >50K
40, State-gov,506329, Doctorate,16, Married-civ-spouse, Prof-specialty, Husband, Asian-Pac-Islander, Male,0,0,40, Taiwan, >50K
55, Local-gov,212448, HS-grad,9, Divorced, Adm-clerical, Not-in-family, White, Female,0,0,40, United-States, <=50K
35, Local-gov,72338, HS-grad,9, Divorced, Farming-fishing, Own-child, Asian-Pac-Islander, Male,0,0,56, United-States, <=50K
28, ?,222005, HS-grad,9, Never-married, ?, Other-relative, White, Female,0,0,40, Mexico, <=50K
50, Private,149770, Masters,14, Never-married, Prof-specialty, Unmarried, White, Female,0,0,40, United-States, <=50K
28, ?,424884, 10th,6, Separated, ?, Not-in-family, White, Male,0,0,30, United-States, <=50K
38, Private,20308, HS-grad,9, Never-married, Other-service, Own-child, White, Male,0,0,40, United-States, <=50K
38, Federal-gov,137953, HS-grad,9, Married-civ-spouse, Adm-clerical, Husband, White, Male,0,0,45, United-States, <=50K
34, Private,100950, Assoc-voc,11, Never-married, Prof-specialty, Unmarried, White, Female,0,0,40, Germany, <=50K
37, Self-emp-not-inc,180477, HS-grad,9, Married-civ-spouse, Craft-repair, Husband, White, Male,0,0,47, United-States, <=50K
40, Private,99434, HS-grad,9, Married-civ-spouse, Other-service, Wife, White, Female,0,0,12, United-States, <=50K
44, Federal-gov,218062, Some-college,10, Divorced, Adm-clerical, Unmarried, Black, Female,0,0,40, United-States, <=50K
33, Private,433375, 1st-4th,2, Married-civ-spouse, Craft-repair, Husband, White, Male,0,0,35, Mexico, <=50K
20, Private,406641, Some-college,10, Never-married, Adm-clerical, Own-child, White, Female,0,0,35, United-States, <=50K
60, Local-gov,212856, Masters,14, Married-civ-spouse, Prof-specialty, Husband, White, Male,0,0,40, ?, >50K
30, Private,103649, Some-college,10, Never-married, Other-service, Own-child, Black, Female,0,0,40, United-States, <=50K
40, Private,213019, HS-grad,9, Divorced, Sales, Unmarried, White, Female,0,0,30, United-States, <=50K
60, Self-emp-not-inc,154474, HS-grad,9, Never-married, Farming-fishing, Unmarried, White, Male,0,0,42, United-States, <=50K
57, Private,153918, HS-grad,9, Married-civ-spouse, Transport-moving, Husband, White, Male,0,0,40, United-States, <=50K
36, Private,33887, Some-college,10, Divorced, Prof-specialty, Not-in-family, White, Male,0,0,40, United-States, <=50K
36, Private,130200, HS-grad,9, Divorced, Machine-op-inspct, Unmarried, White, Male,0,0,40, United-States, <=50K
17, Private,206998, 11th,7, Never-married, Handlers-cleaners, Own-child, White, Male,0,0,10, United-States, <=50K
61, Federal-gov,136787, Some-college,10, Married-civ-spouse, Adm-clerical, Husband, White, Male,0,0,40, United-States, >50K
46, Private,171807, Some-college,10, Divorced, Sales, Unmarried, White, Female,0,0,40, United-States, <=50K
40, Private,208277, Some-college,10, Divorced, Adm-clerical, Own-child, White, Female,0,0,44, United-States, >50K
32, Private,262153, HS-grad,9, Divorced, Craft-repair, Unmarried, White, Male,0,0,35, United-States, <=50K
44, Self-emp-not-inc,35166, Bachelors,13, Married-civ-spouse, Farming-fishing, Husband, White, Male,0,0,90, United-States, <=50K
48, Local-gov,219962, Assoc-voc,11, Married-civ-spouse, Craft-repair, Husband, White, Male,0,0,40, United-States, <=50K
32, Private,239150, Some-college,10, Never-married, Craft-repair, Not-in-family, Black, Male,0,0,40, United-States, <=50K
53, Private,96827, Bachelors,13, Never-married, Other-service, Not-in-family, White, Male,0,0,40, Canada, <=50K
22, Private,188569, Some-college,10, Never-married, Adm-clerical, Not-in-family, White, Female,0,0,20, United-States, <=50K
35, Private,178322, Bachelors,13, Married-civ-spouse, Sales, Husband, White, Male,0,0,40, United-States, >50K
37, Private,234807, HS-grad,9, Divorced, Adm-clerical, Unmarried, White, Female,0,0,37, United-States, <=50K
23, Private,195532, Bachelors,13, Never-married, Exec-managerial, Own-child, White, Female,0,0,40, United-States, <=50K
28, Private,183151, HS-grad,9, Married-civ-spouse, Craft-repair, Husband, White, Male,0,0,50, United-States, <=50K
31, Private,73796, Some-college,10, Widowed, Exec-managerial, Unmarried, White, Female,0,0,30, United-States, <=50K
39, Private,174330, HS-grad,9, Separated, Craft-repair, Unmarried, White, Male,0,0,40, United-States, <=50K
35, ?,195946, Some-college,10, Married-civ-spouse, ?, Husband, Asian-Pac-Islander, Male,0,0,40, Philippines, >50K
27, Private,86681, Bachelors,13, Never-married, Other-service, Not-in-family, White, Female,0,0,40, United-States, <=50K
51, Private,282549, HS-grad,9, Married-civ-spouse, Machine-op-inspct, Husband, Black, Male,3137,0,40, United-States, <=50K
26, Private,485117, Bachelors,13, Never-married, Transport-moving, Own-child, White, Male,0,0,20, United-States, <=50K
42, Private,136986, HS-grad,9, Married-civ-spouse, Exec-managerial, Husband, White, Male,0,0,35, United-States, >50K
42, Private,168103, Bachelors,13, Married-civ-spouse, Exec-managerial, Husband, White, Male,0,0,40, United-States, >50K
19, Private,393712, HS-grad,9, Never-married, Adm-clerical, Own-child, White, Female,0,0,20, United-States, <=50K
40, Private,191342, Bachelors,13, Married-civ-spouse, Exec-managerial, Husband, Asian-Pac-Islander, Male,0,0,40, China, >50K
35, Private,198202, HS-grad,9, Never-married, Exec-managerial, Not-in-family, White, Female,0,0,54, United-States, <=50K
31, Private,62932, HS-grad,9, Never-married, Craft-repair, Own-child, White, Male,0,0,40, United-States, <=50K
44, Private,191256, HS-grad,9, Married-civ-spouse, Transport-moving, Husband, White, Male,0,0,65, United-States, >50K
32, Private,154571, Some-college,10, Never-married, Other-service, Other-relative, Asian-Pac-Islander, Male,0,0,40, ?, <=50K
39, Private,84954, Some-college,10, Married-civ-spouse, Sales, Husband, White, Male,2829,0,65, United-States, <=50K
42, Private,251795, Some-college,10, Married-civ-spouse, Prof-specialty, Wife, White, Female,0,0,50, United-States, >50K
29, Private,242482, HS-grad,9, Never-married, Other-service, Not-in-family, White, Male,0,0,32, United-States, <=50K
25, ?,34161, 12th,8, Separated, ?, Unmarried, White, Female,0,0,30, United-States, <=50K
20, Private,94401, HS-grad,9, Never-married, Exec-managerial, Unmarried, White, Female,0,0,40, United-States, <=50K
18, Private,268952, 12th,8, Never-married, Other-service, Own-child, White, Male,0,0,20, United-States, <=50K
25, Private,135645, Masters,14, Never-married, Sales, Not-in-family, White, Male,0,0,20, United-States, <=50K
53, Private,110977, Masters,14, Married-civ-spouse, Exec-managerial, Husband, White, Male,0,1902,50, United-States, >50K
29, Private,31166, HS-grad,9, Divorced, Prof-specialty, Not-in-family, Other, Female,0,0,30, Germany, <=50K
18, Private,181755, HS-grad,9, Never-married, Sales, Not-in-family, White, Male,0,0,30, United-States, <=50K
53, Private,200190, Some-college,10, Divorced, Craft-repair, Not-in-family, White, Male,0,0,40, United-States, >50K
32, Private,172714, HS-grad,9, Never-married, Craft-repair, Own-child, White, Male,0,0,40, United-States, <=50K
61, Federal-gov,221943, Some-college,10, Married-civ-spouse, Adm-clerical, Husband, White, Male,9386,0,40, United-States, >50K
27, Private,193898, HS-grad,9, Divorced, Craft-repair, Not-in-family, White, Male,0,0,50, United-States, <=50K
39, Federal-gov,65324, Prof-school,15, Never-married, Prof-specialty, Not-in-family, White, Male,0,0,55, United-States, >50K
49, Private,144396, 11th,7, Divorced, Exec-managerial, Not-in-family, White, Female,0,0,38, United-States, <=50K
33, Private,204829, HS-grad,9, Divorced, Transport-moving, Not-in-family, White, Male,0,0,45, United-States, <=50K
49, Self-emp-not-inc,123598, HS-grad,9, Never-married, Craft-repair, Not-in-family, White, Male,0,0,30, United-States, <=50K
34, Private,209317, HS-grad,9, Married-civ-spouse, Transport-moving, Husband, White, Male,0,0,40, Puerto-Rico, <=50K
31, Private,261943, Some-college,10, Married-civ-spouse, Exec-managerial, Husband, White, Male,0,0,40, United-States, <=50K
59, Private,109015, HS-grad,9, Divorced, Tech-support, Unmarried, White, Female,0,0,40, United-States, <=50K
23, Private,238917, 7th-8th,4, Never-married, Craft-repair, Other-relative, White, Male,0,0,36, United-States, <=50K
31, Private,136398, Doctorate,16, Married-civ-spouse, Prof-specialty, Husband, Asian-Pac-Islander, Male,0,0,50, Thailand, >50K
19, Private,25429, Some-college,10, Never-married, Sales, Not-in-family, White, Female,0,0,25, United-States, <=50K
21, Private,293968, Some-college,10, Married-spouse-absent, Sales, Own-child, Black, Female,0,0,20, United-States, <=50K
23, ?,281668, 10th,6, Never-married, ?, Own-child, Black, Female,0,0,40, United-States, <=50K
41, Private,293791, Assoc-voc,11, Married-civ-spouse, Transport-moving, Husband, White, Male,0,0,55, United-States, <=50K
42, ?,175935, HS-grad,9, Separated, ?, Unmarried, White, Male,0,0,40, United-States, <=50K
63, Local-gov,57674, Masters,14, Married-civ-spouse, Prof-specialty, Husband, White, Male,0,0,48, United-States, <=50K
29, Private,197565, Assoc-voc,11, Never-married, Adm-clerical, Own-child, White, Female,0,0,35, United-States, <=50K
26, Private,188767, HS-grad,9, Never-married, Handlers-cleaners, Not-in-family, White, Male,0,0,40, United-States, <=50K
19, Private,164585, HS-grad,9, Never-married, Machine-op-inspct, Own-child, White, Female,0,0,40, United-States, <=50K
23, Private,140798, Bachelors,13, Never-married, Adm-clerical, Not-in-family, White, Female,0,0,40, United-States, <=50K
45, Self-emp-not-inc,285575, HS-grad,9, Married-civ-spouse, Exec-managerial, Husband, Asian-Pac-Islander, Male,0,0,40, China, <=50K
28, Local-gov,33662, Masters,14, Married-civ-spouse, Prof-specialty, Wife, White, Female,7298,0,40, United-States, >50K
40, Self-emp-not-inc,335549, Prof-school,15, Never-married, Prof-specialty, Not-in-family, White, Male,0,2444,45, United-States, >50K
22, ?,154235, Some-college,10, Married-civ-spouse, ?, Wife, White, Female,3781,0,35, United-States, <=50K
33, Private,248584, Some-college,10, Married-civ-spouse, Other-service, Husband, White, Male,0,0,50, United-States, <=50K
64, Private,477697, HS-grad,9, Married-civ-spouse, Exec-managerial, Husband, White, Male,0,0,16, United-States, <=50K
39, Private,155961, HS-grad,9, Divorced, Adm-clerical, Unmarried, Black, Female,0,0,38, United-States, <=50K
22, Local-gov,273734, HS-grad,9, Never-married, Farming-fishing, Own-child, White, Male,0,0,20, United-States, <=50K
32, Private,127451, Some-college,10, Married-civ-spouse, Prof-specialty, Husband, White, Male,0,0,38, United-States, >50K
43, Private,75742, HS-grad,9, Married-civ-spouse, Machine-op-inspct, Husband, White, Male,0,0,40, United-States, <=50K
30, Private,299223, Some-college,10, Divorced, Sales, Unmarried, Amer-Indian-Eskimo, Female,0,0,40, United-States, <=50K
21, Private,198822, HS-grad,9, Never-married, Adm-clerical, Own-child, White, Female,0,0,35, United-States, <=50K
49, Private,211005, Some-college,10, Married-civ-spouse, Machine-op-inspct, Husband, Black, Male,0,0,60, United-States, <=50K
40, Private,76625, HS-grad,9, Divorced, Craft-repair, Unmarried, White, Male,0,0,40, United-States, <=50K
46, Private,73019, Bachelors,13, Never-married, Prof-specialty, Not-in-family, White, Female,0,0,40, United-States, <=50K
61, Private,71209, HS-grad,9, Married-civ-spouse, Craft-repair, Husband, White, Male,0,0,45, United-States, >50K
63, Private,246841, HS-grad,9, Married-civ-spouse, Handlers-cleaners, Husband, White, Male,0,0,40, United-States, <=50K
41, Private,227968, Bachelors,13, Married-civ-spouse, Prof-specialty, Wife, Black, Female,0,0,35, Haiti, >50K
35, Private,316141, Some-college,10, Divorced, Prof-specialty, Unmarried, White, Female,7443,0,40, United-States, <=50K
22, Private,110946, Some-college,10, Never-married, Other-service, Not-in-family, White, Female,0,0,40, United-States, <=50K
45, Private,98475, Bachelors,13, Divorced, Exec-managerial, Not-in-family, White, Male,0,0,45, United-States, <=50K
57, Local-gov,47392, HS-grad,9, Married-civ-spouse, Exec-managerial, Husband, White, Male,0,0,40, United-States, >50K
65, Private,274916, HS-grad,9, Widowed, Sales, Unmarried, White, Female,0,0,40, United-States, <=50K
35, Private,149347, HS-grad,9, Never-married, Craft-repair, Not-in-family, White, Male,0,0,70, United-States, <=50K
22, Private,180060, Bachelors,13, Never-married, Exec-managerial, Unmarried, White, Male,0,0,40, United-States, <=50K
53, State-gov,58913, Masters,14, Married-civ-spouse, Exec-managerial, Husband, White, Male,0,0,42, United-States, >50K
22, Private,200593, Some-college,10, Never-married, Sales, Own-child, White, Male,0,0,40, United-States, <=50K
32, Private,207668, HS-grad,9, Married-civ-spouse, Craft-repair, Husband, White, Male,0,0,50, United-States, <=50K
42, Private,20809, HS-grad,9, Divorced, Craft-repair, Not-in-family, White, Male,0,0,75, United-States, >50K
40, Private,210275, HS-grad,9, Separated, Transport-moving, Unmarried, Black, Female,0,0,40, United-States, <=50K
22, Private,374116, HS-grad,9, Never-married, Priv-house-serv, Own-child, White, Female,0,0,36, United-States, <=50K
65, Private,31924, Some-college,10, Widowed, Adm-clerical, Not-in-family, White, Female,0,0,15, United-States, <=50K
17, Private,329783, 10th,6, Never-married, Sales, Other-relative, White, Female,0,0,10, United-States, <=50K
19, Private,198320, HS-grad,9, Never-married, Other-service, Not-in-family, White, Female,0,0,45, United-States, <=50K
32, Local-gov,190889, Masters,14, Never-married, Prof-specialty, Not-in-family, Other, Female,0,0,40, ?, <=50K
46, Local-gov,65535, Bachelors,13, Married-civ-spouse, Exec-managerial, Husband, White, Male,0,0,48, United-States, >50K
40, Self-emp-not-inc,154076, Assoc-acdm,12, Married-civ-spouse, Exec-managerial, Husband, White, Male,0,0,60, United-States, <=50K
24, Private,119704, HS-grad,9, Married-civ-spouse, Adm-clerical, Wife, White, Female,0,0,40, United-States, <=50K
47, Private,268022, HS-grad,9, Married-civ-spouse, Transport-moving, Husband, White, Male,0,0,55, United-States, >50K
31, State-gov,75755, Doctorate,16, Married-civ-spouse, Exec-managerial, Husband, White, Male,7298,0,55, United-States, >50K
36, Private,238415, Assoc-voc,11, Married-civ-spouse, Sales, Husband, White, Male,0,0,50, United-States, >50K
32, Private,103860, Bachelors,13, Married-civ-spouse, Exec-managerial, Husband, White, Male,0,0,50, United-States, >50K
28, Private,110164, Some-college,10, Divorced, Other-service, Other-relative, Black, Male,0,0,24, United-States, <=50K
17, Private,47771, 11th,7, Never-married, Prof-specialty, Own-child, White, Female,0,0,20, United-States, <=50K
35, Private,54953, HS-grad,9, Married-civ-spouse, Craft-repair, Husband, White, Male,0,0,40, United-States, <=50K
55, Private,118993, Some-college,10, Separated, Exec-managerial, Unmarried, White, Female,0,0,10, United-States, <=50K
69, ?,182668, HS-grad,9, Married-civ-spouse, ?, Husband, White, Male,0,0,45, United-States, >50K
23, Private,111450, Some-college,10, Never-married, Adm-clerical, Other-relative, Black, Male,0,0,22, United-States, <=50K
47, Private,362654, HS-grad,9, Married-civ-spouse, Machine-op-inspct, Husband, White, Male,0,0,40, United-States, <=50K
21, Private,176262, Some-college,10, Never-married, Exec-managerial, Own-child, White, Female,0,0,30, United-States, <=50K
20, ?,145917, Some-college,10, Never-married, ?, Not-in-family, White, Female,0,0,15, United-States, <=50K
53, Private,126368, Some-college,10, Never-married, Adm-clerical, Not-in-family, White, Female,0,0,50, United-States, >50K
20, Private,312017, Some-college,10, Never-married, Protective-serv, Own-child, White, Male,0,0,40, Germany, <=50K
42, Private,208875, Some-college,10, Married-civ-spouse, Exec-managerial, Wife, White, Female,0,0,40, El-Salvador, >50K
53, Self-emp-not-inc,279129, Some-college,10, Married-civ-spouse, Farming-fishing, Husband, White, Male,0,0,30, United-States, <=50K
19, Private,46162, HS-grad,9, Never-married, Farming-fishing, Own-child, White, Male,0,0,25, United-States, <=50K
34, Private,110476, HS-grad,9, Married-civ-spouse, Adm-clerical, Husband, White, Male,0,0,40, United-States, <=50K
25, Private,104662, HS-grad,9, Never-married, Other-service, Unmarried, White, Female,0,0,22, United-States, <=50K
58, Private,140363, HS-grad,9, Divorced, Machine-op-inspct, Not-in-family, White, Male,3325,0,30, United-States, <=50K
77, ?,147284, HS-grad,9, Widowed, ?, Not-in-family, White, Female,0,0,14, United-States, <=50K
