age;job;marital;education;default;balance;housing;loan;contact;day;month;duration;campaign;pdays;previous;poutcome;y
33;management;single;tertiary;no;335;no;no;cellular;29;aug;130;4;-1;0;unknown;no
28;technician;single;secondary;no;618;yes;no;cellular;7;may;281;1;-1;0;unknown;no
29;technician;single;tertiary;no;2325;no;no;cellular;2;feb;125;1;-1;0;unknown;yes
36;technician;married;secondary;no;5902;yes;no;unknown;23;may;219;4;-1;0;unknown;no
27;management;single;tertiary;no;390;no;no;cellular;28;oct;190;1;82;1;success;no
42;services;divorced;secondary;no;257;yes;no;cellular;12;may;955;2;-1;0;unknown;yes
38;management;married;tertiary;no;950;no;no;cellular;5;aug;210;2;-1;0;unknown;no
33;technician;divorced;tertiary;no;-386;yes;no;unknown;23;may;530;1;-1;0;unknown;no
33;admin.;married;tertiary;no;69;no;yes;cellular;4;may;77;2;-1;0;unknown;no
57;blue-collar;married;primary;no;93;yes;no;telephone;17;apr;137;1;-1;0;unknown;no
45;blue-collar;single;primary;yes;-183;no;yes;cellular;15;jul;395;4;-1;0;unknown;no
50;admin.;divorced;secondary;no;202;no;yes;cellular;17;nov;148;1;-1;0;unknown;no
46;technician;married;tertiary;no;342;yes;yes;cellular;5;may;84;1;-1;0;unknown;no
38;admin.;married;secondary;no;3732;yes;no;unknown;21;may;379;2;-1;0;unknown;no
59;blue-collar;divorced;secondary;no;3573;no;no;cellular;15;may;44;1;-1;0;unknown;no
39;self-employed;married;secondary;no;266;no;no;cellular;11;may;102;2;-1;0;unknown;no
50;housemaid;single;unknown;no;0;no;no;telephone;28;jul;118;8;-1;0;unknown;no
48;management;married;primary;no;3230;yes;no;telephone;20;nov;207;3;-1;0;unknown;no
51;self-employed;married;tertiary;no;833;no;no;cellular;31;jul;77;3;-1;0;unknown;no
46;management;single;secondary;no;295;yes;no;unknown;23;may;141;6;-1;0;unknown;no
34;entrepreneur;married;secondary;no;456;yes;yes;cellular;28;aug;137;8;-1;0;unknown;no
40;services;single;secondary;no;888;yes;no;unknown;12;may;169;2;-1;0;unknown;no
54;management;married;primary;no;3859;no;yes;cellular;20;nov;104;3;-1;0;unknown;no
69;retired;married;primary;no;279;no;no;telephone;12;aug;26;1;-1;0;unknown;no
28;management;single;tertiary;no;80;no;no;cellular;20;oct;676;2;146;2;failure;yes
55;services;divorced;primary;no;2923;yes;no;unknown;15;may;104;2;-1;0;unknown;no
54;services;married;secondary;no;88;yes;no;unknown;13;may;190;1;-1;0;unknown;no
39;technician;married;secondary;no;501;no;no;unknown;26;may;289;1;-1;0;unknown;no
40;management;married;tertiary;no;-495;no;yes;cellular;29;jul;303;2;-1;0;unknown;no
40;blue-collar;married;secondary;no;0;yes;yes;unknown;29;may;245;3;-1;0;unknown;no
27;services;single;secondary;no;0;yes;no;unknown;7;may;388;7;-1;0;unknown;no
47;technician;married;secondary;no;-75;yes;no;cellular;4;feb;57;1;247;1;other;no
36;services;married;secondary;no;257;yes;no;cellular;12;may;86;2;-1;0;unknown;no
47;technician;divorced;tertiary;no;477;yes;no;telephone;7;may;973;1;366;1;failure;no
30;admin.;married;secondary;no;122;yes;no;unknown;16;may;107;1;-1;0;unknown;no
32;technician;single;tertiary;no;2204;yes;no;cellular;21;nov;11;4;-1;0;unknown;no
31;services;single;secondary;no;0;yes;no;unknown;28;may;231;2;-1;0;unknown;no
48;blue-collar;married;secondary;no;841;yes;no;unknown;19;may;215;1;-1;0;unknown;no
37;management;divorced;secondary;no;1287;yes;no;cellular;14;may;432;1;-1;0;unknown;no
53;admin.;married;secondary;no;1796;no;no;telephone;16;mar;295;1;91;2;success;yes
27;technician;single;secondary;no;282;no;yes;cellular;9;jul;676;5;-1;0;unknown;no
45;management;married;tertiary;no;5450;no;no;cellular;8;aug;188;2;-1;0;unknown;no
31;blue-collar;divorced;secondary;no;6;yes;no;cellular;29;jan;821;1;-1;0;unknown;no
34;technician;married;secondary;no;-346;no;no;cellular;13;aug;136;4;-1;0;unknown;no
31;technician;divorced;secondary;no;10787;yes;no;unknown;4;jun;135;2;-1;0;unknown;no
40;services;married;primary;no;33;no;no;unknown;26;may;70;3;-1;0;unknown;no
36;blue-collar;married;primary;no;49;yes;no;cellular;15;may;232;2;365;5;other;no
50;admin.;divorced;secondary;no;769;no;no;cellular;28;jul;72;2;363;4;failure;no
45;management;married;tertiary;no;-206;yes;no;cellular;6;may;337;2;-1;0;unknown;no
38;entrepreneur;married;tertiary;no;170;yes;no;cellular;18;may;442;1;-1;0;unknown;yes
30;services;single;secondary;no;566;no;no;cellular;5;feb;110;1;-1;0;unknown;no
32;technician;single;secondary;no;0;no;no;cellular;18;aug;594;4;-1;0;unknown;yes
38;technician;married;secondary;no;994;no;no;unknown;9;jun;119;1;-1;0;unknown;no
55;services;married;secondary;no;186;yes;yes;unknown;9;may;241;1;-1;0;unknown;no
29;admin.;single;secondary;no;-194;yes;no;cellular;7;may;127;1;-1;0;unknown;no
40;management;married;tertiary;no;89;yes;yes;telephone;9;feb;148;6;-1;0;unknown;no
46;entrepreneur;married;secondary;no;757;no;no;unknown;16;jun;382;3;-1;0;unknown;no
56;management;married;primary;no;772;yes;no;telephone;20;nov;291;1;-1;0;unknown;no
30;unemployed;married;secondary;no;142;yes;no;unknown;20;may;350;4;-1;0;unknown;no
57;retired;married;primary;no;2927;no;yes;telephone;30;jul;78;5;-1;0;unknown;no
52;entrepreneur;married;secondary;no;0;no;no;cellular;7;aug;82;2;-1;0;unknown;no
33;admin.;married;secondary;no;4902;yes;no;cellular;20;nov;110;1;-1;0;unknown;no
32;management;married;tertiary;no;5878;no;no;cellular;19;aug;159;2;-1;0;unknown;no
33;services;married;secondary;no;478;no;no;cellular;30;apr;475;2;-1;0;unknown;yes
32;management;married;tertiary;no;71;yes;no;cellular;21;jul;221;8;-1;0;unknown;no
39;management;married;tertiary;no;246;no;no;cellular;11;aug;86;2;-1;0;unknown;no
54;retired;married;secondary;no;3671;no;no;unknown;11;jun;67;3;-1;0;unknown;no
48;admin.;married;primary;no;607;no;no;unknown;20;jun;29;2;-1;0;unknown;no
47;technician;married;unknown;no;2106;yes;no;unknown;6;may;168;1;-1;0;unknown;no
39;entrepreneur;married;tertiary;no;2644;yes;no;unknown;20;may;253;1;-1;0;unknown;no
60;housemaid;married;primary;no;0;no;yes;telephone;22;jul;124;1;-1;0;unknown;no
58;management;married;tertiary;no;1517;yes;no;telephone;29;jul;7;5;-1;0;unknown;no
47;admin.;married;secondary;no;1060;yes;no;unknown;6;jun;83;3;-1;0;unknown;no
61;retired;married;primary;no;1060;yes;no;unknown;13;may;118;1;-1;0;unknown;no
41;admin.;married;secondary;no;920;yes;yes;unknown;27;may;239;1;-1;0;unknown;no
26;services;divorced;secondary;no;74;yes;no;unknown;23;may;106;6;-1;0;unknown;no
31;admin.;married;secondary;no;236;yes;yes;telephone;4;may;211;3;-1;0;unknown;no
23;blue-collar;single;primary;no;8627;yes;no;unknown;3;jun;281;1;-1;0;unknown;no
20;student;single;secondary;no;1191;no;no;cellular;12;feb;274;1;-1;0;unknown;no
30;housemaid;single;tertiary;no;868;no;no;cellular;7;aug;387;2;-1;0;unknown;no
35;services;single;secondary;no;414;yes;no;cellular;20;apr;11;5;319;2;other;no
47;self-employed;divorced;secondary;no;8515;yes;no;unknown;20;nov;14;7;112;4;other;no
36;admin.;married;unknown;no;2323;no;no;cellular;19;nov;111;1;-1;0;unknown;no
42;services;divorced;secondary;no;372;yes;yes;unknown;6;may;121;2;-1;0;unknown;no
77;retired;married;primary;no;680;no;no;telephone;24;feb;513;2;89;7;failure;no
34;blue-collar;single;tertiary;no;1011;yes;no;unknown;6;may;136;1;-1;0;unknown;no
32;management;single;tertiary;no;8436;yes;no;cellular;17;apr;245;1;149;2;failure;no
29;technician;married;tertiary;no;43;yes;no;unknown;20;may;68;2;-1;0;unknown;no
76;retired;divorced;primary;no;86;no;no;cellular;12;aug;192;1;-1;0;unknown;no
49;services;married;secondary;no;280;yes;no;telephone;14;jul;162;3;-1;0;unknown;no
45;entrepreneur;married;tertiary;no;0;yes;no;cellular;29;jul;100;3;-1;0;unknown;no
24;student;single;secondary;no;508;yes;no;telephone;18;may;12;3;374;1;other;no
53;technician;married;primary;no;6839;yes;no;cellular;19;nov;77;1;-1;0;unknown;no
49;blue-collar;single;primary;no;2146;yes;no;cellular;7;may;1516;2;353;2;other;yes
36;blue-collar;married;secondary;no;63;yes;no;unknown;2;jun;56;8;-1;0;unknown;no
35;blue-collar;married;primary;no;0;yes;no;cellular;24;jul;90;6;-1;0;unknown;no
46;management;married;tertiary;no;-3;no;no;cellular;28;aug;205;2;-1;0;unknown;no
40;management;single;secondary;no;192;yes;no;unknown;16;may;71;11;-1;0;unknown;no
61;blue-collar;married;primary;no;625;yes;no;unknown;19;may;158;2;-1;0;unknown;no
58;retired;married;secondary;no;3382;no;yes;cellular;28;may;294;2;309;2;failure;no
31;technician;single;unknown;no;187;no;no;cellular;17;jul;86;1;-1;0;unknown;no
47;management;divorced;tertiary;no;1149;no;yes;cellular;15;jul;82;2;-1;0;unknown;no
49;blue-collar;single;primary;no;1040;no;no;cellular;8;jul;474;2;-1;0;unknown;no
47;services;divorced;secondary;no;691;no;no;cellular;6;feb;285;6;-1;0;unknown;no
35;student;single;unknown;no;0;no;no;telephone;28;jan;122;3;-1;0;unknown;no
34;blue-collar;married;secondary;no;-563;yes;no;unknown;26;may;252;1;-1;0;unknown;no
33;management;single;tertiary;no;3170;no;no;cellular;28;oct;246;2;-1;0;unknown;no
56;entrepreneur;married;unknown;no;575;no;no;unknown;20;jun;18;2;-1;0;unknown;no
31;services;single;secondary;no;85;no;no;cellular;16;jul;151;1;-1;0;unknown;no
46;admin.;married;secondary;no;22;yes;no;cellular;7;aug;414;4;-1;0;unknown;no
32;blue-collar;single;secondary;no;-255;no;yes;unknown;2;jul;957;3;-1;0;unknown;no
35;services;married;secondary;no;0;no;yes;telephone;9;jul;42;1;-1;0;unknown;no
60;admin.;married;secondary;no;2552;no;yes;cellular;30;jan;255;2;2;4;other;no
33;management;married;secondary;no;3132;yes;no;unknown;23;may;350;5;-1;0;unknown;no
41;blue-collar;married;primary;no;951;yes;no;cellular;20;apr;23;4;-1;0;unknown;no
43;self-employed;married;secondary;no;104;no;no;unknown;17;jun;332;1;-1;0;unknown;no
31;self-employed;married;secondary;no;33;no;no;cellular;6;aug;165;4;-1;0;unknown;no
48;blue-collar;married;secondary;no;1143;yes;no;cellular;17;apr;264;1;317;1;failure;no
41;technician;married;secondary;no;1066;no;no;cellular;11;feb;109;3;-1;0;unknown;yes
31;admin.;married;secondary;no;3;yes;no;cellular;28;jul;37;12;-1;0;unknown;no
32;management;single;tertiary;no;2343;no;no;cellular;18;jul;226;1;-1;0;unknown;no
47;technician;married;primary;no;145;yes;no;unknown;7;may;157;6;-1;0;unknown;no
54;unknown;married;secondary;no;1157;no;no;cellular;26;may;98;2;-1;0;unknown;no
54;housemaid;divorced;secondary;no;1327;no;no;unknown;5;jun;115;2;-1;0;unknown;no
31;management;single;tertiary;no;112;yes;no;cellular;2;feb;159;2;271;1;failure;no
43;services;married;secondary;no;642;no;no;cellular;31;jul;644;2;-1;0;unknown;no
79;retired;married;primary;no;429;no;no;telephone;8;jul;1006;2;-1;0;unknown;yes
49;unemployed;divorced;tertiary;no;780;no;no;cellular;8;nov;148;1;871;2;failure;no
58;blue-collar;married;primary;no;73;no;no;unknown;17;jun;116;1;-1;0;unknown;no
56;technician;married;tertiary;no;272;no;no;cellular;26;aug;103;2;-1;0;unknown;no
34;self-employed;single;tertiary;no;462;no;no;cellular;21;aug;1877;3;-1;0;unknown;yes
36;blue-collar;divorced;primary;no;117;yes;no;unknown;2;jun;123;4;-1;0;unknown;no
44;services;married;secondary;no;0;yes;yes;cellular;11;may;161;1;-1;0;unknown;no
41;technician;married;secondary;no;902;no;no;unknown;16;jun;35;6;-1;0;unknown;no
35;self-employed;divorced;tertiary;no;1354;yes;no;unknown;23;may;736;2;-1;0;unknown;yes
26;admin.;single;secondary;no;236;yes;yes;cellular;18;may;8;2;-1;0;unknown;no
42;admin.;married;secondary;no;3165;yes;no;unknown;16;jun;298;4;-1;0;unknown;no
53;entrepreneur;married;tertiary;no;22370;yes;no;unknown;15;may;106;1;-1;0;unknown;no
42;technician;single;secondary;no;0;no;no;cellular;21;aug;656;2;-1;0;unknown;no
30;management;married;secondary;no;0;yes;no;cellular;12;may;756;3;-1;0;unknown;no
36;blue-collar;married;primary;no;1925;yes;no;cellular;20;apr;904;2;-1;0;unknown;yes
45;management;married;tertiary;no;1529;no;no;cellular;30;jun;160;1;-1;0;unknown;no
32;blue-collar;single;secondary;no;1670;yes;no;cellular;18;may;183;1;-1;0;unknown;no
24;student;single;secondary;no;822;no;no;cellular;27;oct;184;1;91;2;failure;yes
40;management;married;tertiary;no;60;no;no;unknown;16;jun;172;6;-1;0;unknown;no
43;technician;married;secondary;no;0;no;yes;cellular;8;may;9;2;172;5;failure;no
45;entrepreneur;divorced;tertiary;no;1273;yes;yes;unknown;11;jun;197;3;-1;0;unknown;no
55;management;married;primary;no;229;no;yes;unknown;9;jun;175;3;-1;0;unknown;no
31;services;married;secondary;no;413;yes;no;unknown;13;may;65;1;-1;0;unknown;no
34;blue-collar;married;secondary;no;8309;yes;yes;cellular;19;nov;50;1;-1;0;unknown;no
50;blue-collar;married;primary;no;1164;yes;no;unknown;8;may;166;2;-1;0;unknown;no
40;student;married;secondary;no;260;no;no;unknown;20;jun;197;6;-1;0;unknown;no
30;blue-collar;married;secondary;no;125;yes;no;unknown;29;may;238;2;-1;0;unknown;no
57;retired;divorced;secondary;no;-331;yes;no;unknown;6;may;531;1;-1;0;unknown;no
32;blue-collar;married;secondary;no;101;yes;no;unknown;19;may;191;4;-1;0;unknown;no
40;self-employed;single;tertiary;no;2893;no;no;cellular;2;jun;76;3;-1;0;unknown;no
33;blue-collar;single;secondary;no;5137;yes;no;cellular;6;may;123;1;-1;0;unknown;no
40;entrepreneur;married;tertiary;no;1729;yes;no;cellular;12;may;85;1;-1;0;unknown;no
33;blue-collar;married;tertiary;no;1465;no;no;cellular;19;aug;98;4;-1;0;unknown;no
32;technician;single;secondary;no;0;no;no;cellular;21;aug;126;2;-1;0;unknown;no
52;unemployed;married;primary;no;-110;no;yes;cellular;29;jan;141;1;-1;0;unknown;no
37;blue-collar;married;secondary;no;196;yes;no;unknown;5;jun;66;3;-1;0;unknown;no
40;blue-collar;married;secondary;no;6767;yes;no;cellular;20;nov;97;2;-1;0;unknown;no
56;management;married;tertiary;no;334;yes;no;unknown;15;may;127;2;-1;0;unknown;no
36;admin.;married;secondary;no;-423;yes;yes;unknown;13;may;106;1;-1;0;unknown;no
30;technician;married;secondary;no;-393;yes;yes;cellular;16;jul;435;1;-1;0;unknown;yes
30;services;divorced;secondary;no;0;yes;no;cellular;13;may;172;1;-1;0;unknown;no
41;management;married;tertiary;no;326;yes;no;cellular;5;may;788;1;-1;0;unknown;yes
34;management;married;tertiary;no;4170;yes;no;unknown;21;may;935;1;-1;0;unknown;no
58;management;married;tertiary;no;172;no;no;cellular;19;aug;145;7;-1;0;unknown;no
34;technician;single;secondary;no;440;yes;no;cellular;6;may;445;2;345;2;failure;no
30;admin.;married;tertiary;no;400;yes;no;cellular;7;may;223;1;-1;0;unknown;no
31;technician;married;secondary;no;0;no;yes;cellular;15;jul;624;6;-1;0;unknown;no
35;management;married;tertiary;no;1100;no;yes;cellular;29;jan;127;2;-1;0;unknown;no
29;blue-collar;married;secondary;no;228;yes;no;cellular;11;may;12;8;342;9;failure;no
28;blue-collar;married;secondary;no;2788;yes;no;unknown;6;jun;369;2;-1;0;unknown;yes
52;blue-collar;married;secondary;no;-98;yes;no;unknown;7;may;423;1;-1;0;unknown;no
30;admin.;single;secondary;no;105;yes;no;cellular;21;nov;75;1;-1;0;unknown;no
32;management;married;tertiary;no;3107;yes;yes;cellular;25;jul;310;1;-1;0;unknown;no
28;management;married;tertiary;no;318;yes;no;unknown;27;may;4;4;-1;0;unknown;no
26;admin.;married;tertiary;no;2855;no;no;cellular;30;mar;52;3;-1;0;unknown;no
40;technician;single;tertiary;no;445;yes;no;cellular;24;jul;631;1;-1;0;unknown;no
36;technician;married;secondary;no;146;yes;yes;unknown;15;may;284;2;-1;0;unknown;no
25;services;single;secondary;no;-352;no;no;cellular;15;jul;246;1;-1;0;unknown;no
38;services;married;secondary;no;-140;no;no;unknown;25;jun;456;3;-1;0;unknown;no
40;admin.;single;secondary;no;2378;yes;no;unknown;2;jun;65;1;-1;0;unknown;no
60;technician;married;primary;no;65;yes;no;unknown;9;may;1028;2;-1;0;unknown;yes
34;self-employed;married;tertiary;no;1972;yes;no;cellular;23;jul;61;2;-1;0;unknown;no
54;retired;married;primary;no;208;no;no;unknown;12;may;255;1;-1;0;unknown;no
44;services;married;secondary;no;1989;yes;yes;cellular;20;apr;106;2;-1;0;unknown;no
60;admin.;married;secondary;no;3043;no;no;cellular;19;aug;235;3;-1;0;unknown;no
37;blue-collar;single;secondary;no;3561;yes;no;unknown;2;jun;98;1;-1;0;unknown;no
43;blue-collar;married;secondary;no;699;yes;yes;cellular;20;nov;1258;2;122;2;other;yes
38;blue-collar;married;primary;no;168;yes;yes;telephone;13;may;212;3;-1;0;unknown;no
32;management;single;tertiary;no;347;yes;no;cellular;18;may;213;1;264;6;failure;no
46;management;divorced;tertiary;no;743;no;no;unknown;5;jun;36;2;-1;0;unknown;no
50;blue-collar;married;secondary;no;606;yes;no;unknown;14;may;673;2;-1;0;unknown;no
30;blue-collar;single;secondary;no;445;yes;no;cellular;16;apr;218;1;330;2;failure;no
39;management;married;tertiary;no;278;no;yes;cellular;28;jul;60;3;-1;0;unknown;no
46;blue-collar;married;secondary;no;781;no;no;unknown;13;may;152;1;-1;0;unknown;no
59;retired;married;secondary;no;0;no;no;unknown;5;jun;812;1;-1;0;unknown;yes
31;admin.;divorced;secondary;no;360;no;no;cellular;15;may;332;1;297;2;other;no
30;technician;single;tertiary;no;985;yes;no;cellular;19;feb;88;2;-1;0;unknown;no
33;entrepreneur;married;tertiary;no;595;no;no;cellular;7;aug;22;2;-1;0;unknown;no
35;management;married;tertiary;no;2793;no;no;cellular;20;nov;258;2;-1;0;unknown;no
44;blue-collar;married;secondary;no;788;yes;no;cellular;17;apr;392;1;-1;0;unknown;no
38;technician;single;secondary;no;173;no;no;cellular;29;aug;150;4;-1;0;unknown;no
38;blue-collar;married;secondary;no;0;yes;no;cellular;13;may;57;5;349;1;other;no
44;blue-collar;married;primary;no;887;yes;no;cellular;12;may;165;2;363;1;failure;no
63;retired;married;secondary;no;415;yes;no;cellular;7;oct;323;1;-1;0;unknown;no
27;services;single;secondary;no;259;yes;no;unknown;23;may;78;10;-1;0;unknown;no
37;management;single;unknown;no;504;yes;no;cellular;16;apr;555;1;-1;0;unknown;no
32;blue-collar;single;secondary;no;2285;yes;no;unknown;14;may;413;2;-1;0;unknown;no
39;unknown;single;secondary;no;914;no;no;unknown;5;jun;20;1;-1;0;unknown;no
58;retired;married;secondary;no;235;no;no;cellular;27;aug;88;4;-1;0;unknown;no
40;technician;married;secondary;no;1819;no;no;cellular;5;jun;398;2;-1;0;unknown;no
47;blue-collar;married;secondary;yes;-614;yes;no;unknown;26;may;118;2;-1;0;unknown;no
33;services;married;primary;no;0;yes;no;cellular;18;jul;351;2;-1;0;unknown;no
52;services;divorced;secondary;no;238;yes;no;cellular;6;may;101;1;362;5;other;no
51;management;single;tertiary;no;2139;no;no;cellular;17;nov;176;2;-1;0;unknown;no
27;services;married;secondary;no;-1202;yes;no;unknown;4;jun;749;2;-1;0;unknown;no
26;housemaid;married;secondary;no;-759;yes;no;cellular;11;jul;191;1;-1;0;unknown;no
38;blue-collar;married;secondary;no;-388;yes;no;unknown;9;may;412;1;-1;0;unknown;no
35;unemployed;married;secondary;no;978;no;no;cellular;29;dec;1370;3;209;3;success;yes
44;self-employed;single;tertiary;no;2734;yes;no;cellular;12;may;897;4;-1;0;unknown;yes
84;retired;divorced;primary;no;639;no;no;telephone;18;may;353;3;-1;0;unknown;yes
48;technician;married;secondary;no;568;yes;no;cellular;2;sep;378;2;386;1;success;yes
25;technician;single;secondary;no;959;no;no;cellular;9;jul;144;5;-1;0;unknown;no
35;blue-collar;married;secondary;no;407;yes;no;cellular;20;apr;12;6;-1;0;unknown;no
58;housemaid;married;primary;no;0;yes;no;telephone;9;jul;148;1;-1;0;unknown;no
43;technician;married;secondary;no;-932;yes;no;cellular;16;apr;567;1;-1;0;unknown;no
30;admin.;married;secondary;no;11;yes;no;cellular;11;may;157;1;-1;0;unknown;no
40;management;married;unknown;no;419;yes;no;cellular;10;jul;347;1;-1;0;unknown;no
35;housemaid;married;tertiary;no;11219;no;no;cellular;12;aug;699;2;79;1;failure;no
32;self-employed;married;tertiary;no;3601;no;no;cellular;22;aug;171;15;-1;0;unknown;no
55;technician;married;secondary;no;0;yes;no;unknown;30;may;119;2;-1;0;unknown;no
38;blue-collar;married;secondary;no;526;yes;yes;unknown;23;may;553;2;-1;0;unknown;no
29;technician;single;tertiary;no;2485;no;no;telephone;24;jul;48;6;-1;0;unknown;no
46;housemaid;married;primary;no;0;no;no;telephone;2;feb;161;1;-1;0;unknown;no
56;housemaid;married;tertiary;no;1922;yes;no;cellular;24;jul;247;2;-1;0;unknown;no
47;admin.;married;secondary;no;1934;no;yes;cellular;14;may;225;1;364;1;failure;no
60;management;single;tertiary;no;0;no;yes;cellular;23;jul;151;1;-1;0;unknown;no
34;blue-collar;married;secondary;no;67;yes;yes;unknown;8;may;672;3;-1;0;unknown;no
25;admin.;married;secondary;no;242;yes;no;cellular;30;jul;62;12;-1;0;unknown;no
23;student;single;secondary;no;9216;no;no;cellular;5;jun;471;2;-1;0;unknown;no
64;retired;married;unknown;no;2923;no;no;cellular;12;mar;120;1;-1;0;unknown;no
37;admin.;single;secondary;no;0;yes;no;cellular;16;apr;640;2;-1;0;unknown;no
38;admin.;married;secondary;no;1852;yes;no;cellular;15;may;298;2;-1;0;unknown;no
53;blue-collar;married;secondary;no;25;no;no;cellular;22;aug;528;2;-1;0;unknown;yes
39;management;divorced;tertiary;no;26;no;no;unknown;18;jun;311;5;-1;0;unknown;no
28;technician;single;tertiary;no;0;yes;no;unknown;4;jun;205;6;-1;0;unknown;no
30;management;married;secondary;no;-559;yes;yes;cellular;7;may;98;1;167;2;failure;no
40;technician;married;secondary;no;0;yes;yes;cellular;26;jul;105;2;172;1;failure;no
39;blue-collar;married;secondary;no;-405;yes;no;cellular;8;may;177;1;-1;0;unknown;no
35;services;married;secondary;no;1453;yes;no;unknown;28;may;199;1;-1;0;unknown;no
37;technician;single;secondary;no;61;yes;no;unknown;19;may;182;8;-1;0;unknown;no
30;self-employed;single;tertiary;no;901;yes;yes;unknown;16;may;601;1;-1;0;unknown;no
43;services;married;primary;no;-88;yes;yes;cellular;17;apr;313;1;147;2;failure;no
26;admin.;single;secondary;no;609;no;no;telephone;28;jan;112;1;-1;0;unknown;no
53;entrepreneur;married;primary;no;1034;yes;no;cellular;19;nov;854;2;170;3;other;no
59;retired;married;primary;no;0;no;no;cellular;5;jun;493;2;-1;0;unknown;yes
27;admin.;single;tertiary;no;3672;yes;no;cellular;15;may;157;2;351;5;failure;no
59;retired;married;secondary;no;9976;yes;no;unknown;29;may;57;2;-1;0;unknown;no
39;blue-collar;married;primary;no;52;no;no;cellular;13;aug;69;1;-1;0;unknown;no
58;management;married;secondary;no;139;no;no;cellular;27;may;188;1;161;2;other;no
41;admin.;divorced;secondary;no;6046;yes;yes;telephone;15;mar;300;6;182;2;success;yes
25;student;single;unknown;no;10788;no;no;cellular;23;dec;102;2;210;2;other;no
32;blue-collar;single;secondary;no;1721;yes;no;unknown;21;may;650;2;-1;0;unknown;no
34;blue-collar;married;primary;no;-319;yes;yes;cellular;9;jul;134;4;-1;0;unknown;no
49;admin.;single;secondary;no;981;yes;no;telephone;21;nov;10;3;-1;0;unknown;no
32;management;single;tertiary;no;2;yes;no;cellular;11;sep;100;2;-1;0;unknown;yes
49;management;married;tertiary;no;322;no;no;cellular;6;aug;72;4;-1;0;unknown;no
38;admin.;married;secondary;no;3190;yes;no;unknown;20;jun;20;2;-1;0;unknown;no
33;entrepreneur;married;secondary;no;-118;yes;yes;unknown;27;may;421;3;-1;0;unknown;no
52;management;married;tertiary;no;3163;no;no;cellular;25;aug;56;6;-1;0;unknown;no
28;technician;single;secondary;no;1532;no;no;cellular;22;may;253;1;107;5;failure;no
35;blue-collar;single;secondary;no;0;yes;no;cellular;16;apr;169;1;-1;0;unknown;no
28;admin.;single;unknown;no;174;no;no;cellular;28;sep;184;1;-1;0;unknown;no
36;blue-collar;married;secondary;no;1409;no;no;unknown;17;jun;235;2;-1;0;unknown;no
32;technician;single;secondary;no;0;no;no;cellular;26;aug;181;2;-1;0;unknown;no
36;self-employed;married;tertiary;no;307;yes;no;cellular;14;may;341;1;330;2;other;no
37;technician;single;tertiary;no;6101;no;no;cellular;4;may;60;5;87;1;success;no
36;technician;married;tertiary;no;837;no;no;cellular;28;aug;68;6;-1;0;unknown;no
37;admin.;married;secondary;no;1123;no;yes;unknown;28;may;138;1;-1;0;unknown;no
48;admin.;married;secondary;no;292;yes;yes;cellular;29;jul;164;6;-1;0;unknown;no
39;services;divorced;secondary;no;687;yes;no;cellular;9;jul;869;1;-1;0;unknown;yes
19;student;single;unknown;no;1169;no;no;cellular;6;feb;463;18;-1;0;unknown;no
34;blue-collar;married;secondary;no;1298;yes;no;unknown;20;may;120;1;-1;0;unknown;no
40;services;married;secondary;no;51;yes;no;cellular;11;may;50;1;-1;0;unknown;no
40;management;divorced;tertiary;no;502;yes;no;cellular;3;feb;267;4;270;3;other;no
46;blue-collar;married;secondary;no;-1400;yes;no;telephone;6;may;309;3;355;4;failure;no
31;management;married;tertiary;no;6290;no;no;cellular;20;nov;303;2;-1;0;unknown;no
39;self-employed;married;tertiary;no;1047;no;no;unknown;6;jun;554;1;-1;0;unknown;yes
49;management;single;tertiary;no;151;yes;no;cellular;8;jul;97;3;-1;0;unknown;yes
41;technician;married;tertiary;no;13;no;no;unknown;5;jun;189;2;-1;0;unknown;no
42;blue-collar;divorced;unknown;no;0;no;no;cellular;7;jul;64;2;-1;0;unknown;no
49;admin.;married;secondary;no;13229;no;yes;telephone;8;jul;77;2;-1;0;unknown;no
48;blue-collar;married;primary;no;199;no;no;telephone;18;aug;29;2;-1;0;unknown;no
59;retired;married;unknown;no;0;no;no;unknown;8;may;425;6;-1;0;unknown;no
28;technician;single;secondary;no;389;yes;no;cellular;11;may;15;7;-1;0;unknown;no
36;technician;single;secondary;no;1521;yes;no;unknown;16;jun;243;2;-1;0;unknown;no
56;management;married;tertiary;no;217;no;yes;cellular;21;jul;121;2;-1;0;unknown;no
26;blue-collar;single;primary;no;-887;yes;no;cellular;18;may;827;2;-1;0;unknown;yes
35;technician;married;secondary;no;0;no;no;cellular;27;aug;106;4;-1;0;unknown;no
38;management;married;tertiary;no;0;yes;no;unknown;20;may;206;1;-1;0;unknown;no
35;blue-collar;married;secondary;no;1287;yes;no;cellular;14;jul;330;2;-1;0;unknown;no
32;blue-collar;married;secondary;no;736;yes;no;unknown;23;may;700;3;-1;0;unknown;no
56;management;married;tertiary;no;856;yes;yes;cellular;4;feb;70;4;7;7;other;no
59;blue-collar;married;primary;no;748;no;no;unknown;29;may;184;1;-1;0;unknown;no
55;blue-collar;married;primary;no;3873;no;no;telephone;21;apr;222;1;-1;0;unknown;no
29;blue-collar;married;secondary;no;912;yes;no;cellular;13;may;785;1;-1;0;unknown;no
46;blue-collar;married;secondary;no;123;no;no;cellular;20;aug;381;3;-1;0;unknown;no
26;services;single;secondary;no;1347;no;no;telephone;18;jun;280;6;92;5;other;yes
29;services;single;unknown;no;33;no;no;unknown;1;jul;161;1;-1;0;unknown;no
32;management;married;tertiary;no;2431;yes;no;cellular;14;may;646;5;-1;0;unknown;yes
30;management;single;tertiary;no;940;no;no;cellular;8;aug;131;2;-1;0;unknown;no
52;management;single;tertiary;no;4;no;yes;cellular;28;jul;30;9;-1;0;unknown;no
40;housemaid;married;primary;no;1832;no;no;cellular;6;feb;213;4;-1;0;unknown;no
40;management;married;tertiary;no;294;yes;no;cellular;23;jul;97;5;-1;0;unknown;no
38;technician;single;tertiary;no;221;no;no;cellular;20;aug;79;3;-1;0;unknown;no
38;entrepreneur;married;secondary;yes;15;yes;no;cellular;10;jul;121;1;-1;0;unknown;no
37;management;married;tertiary;no;0;yes;no;unknown;3;jun;247;13;-1;0;unknown;no
34;technician;single;tertiary;no;925;yes;no;cellular;13;apr;709;1;-1;0;unknown;yes
54;retired;divorced;tertiary;no;6102;yes;yes;unknown;21;may;86;6;-1;0;unknown;no
49;management;divorced;tertiary;no;1904;no;yes;cellular;17;nov;131;2;-1;0;unknown;no
34;entrepreneur;married;tertiary;no;4343;no;no;unknown;9;jun;85;4;-1;0;unknown;no
37;technician;married;secondary;no;1063;yes;no;cellular;31;jul;413;2;-1;0;unknown;no
46;technician;married;secondary;no;1427;yes;no;unknown;14;may;32;3;-1;0;unknown;no
49;technician;divorced;secondary;no;265;yes;no;unknown;12;may;274;6;-1;0;unknown;no
35;blue-collar;married;secondary;no;243;yes;no;cellular;20;apr;41;3;-1;0;unknown;no
38;blue-collar;married;secondary;no;2008;yes;no;cellular;18;nov;354;1;-1;0;unknown;no
42;blue-collar;married;unknown;no;-406;yes;no;cellular;30;jul;152;5;-1;0;unknown;no
29;technician;married;secondary;no;444;yes;no;cellular;21;jul;130;4;-1;0;unknown;no
35;management;divorced;tertiary;no;649;no;no;cellular;16;apr;177;1;-1;0;unknown;no
31;technician;single;secondary;no;1626;no;no;cellular;7;may;356;2;286;3;failure;no
19;student;single;secondary;no;302;no;no;cellular;16;jul;205;1;-1;0;unknown;yes
52;retired;married;secondary;no;424;no;no;cellular;19;nov;143;1;154;3;failure;no
50;admin.;married;secondary;no;0;no;no;cellular;4;aug;86;4;-1;0;unknown;no
37;technician;divorced;secondary;no;23;no;no;cellular;20;aug;289;2;-1;0;unknown;no
26;admin.;married;secondary;no;2469;no;no;cellular;16;jul;136;8;-1;0;unknown;no
45;admin.;married;primary;no;542;no;no;cellular;11;may;8;5;350;3;other;no
35;technician;married;secondary;no;13658;yes;no;telephone;9;dec;220;2;-1;0;unknown;no
42;blue-collar;married;secondary;no;117;yes;no;unknown;9;may;147;1;-1;0;unknown;no
37;blue-collar;single;primary;no;6969;yes;no;unknown;20;may;412;1;-1;0;unknown;no
45;admin.;divorced;secondary;no;0;no;no;cellular;29;oct;264;1;-1;0;unknown;yes
43;blue-collar;married;secondary;no;3060;yes;no;unknown;15;may;253;2;-1;0;unknown;no
39;entrepreneur;married;secondary;no;0;no;no;cellular;21;nov;108;7;-1;0;unknown;no
52;management;married;tertiary;no;1944;yes;no;cellular;15;apr;238;3;323;2;failure;no
38;technician;single;secondary;no;0;yes;no;cellular;7;apr;196;2;-1;0;unknown;no
28;management;single;tertiary;no;3238;yes;no;unknown;19;may;7;1;-1;0;unknown;no
43;management;married;secondary;no;481;yes;no;telephone;18;nov;164;1;110;2;other;no
57;retired;married;tertiary;no;0;yes;yes;unknown;28;may;648;1;-1;0;unknown;yes
48;blue-collar;married;secondary;no;705;no;no;unknown;13;may;108;2;-1;0;unknown;no
34;blue-collar;married;primary;no;428;yes;no;cellular;18;may;59;2;-1;0;unknown;no
34;self-employed;married;primary;no;712;yes;no;unknown;2;jun;326;3;-1;0;unknown;no
31;management;married;tertiary;no;1224;yes;yes;cellular;24;jul;1441;2;-1;0;unknown;yes
45;admin.;married;secondary;no;638;yes;no;cellular;20;aug;75;9;-1;0;unknown;no
69;retired;single;tertiary;no;2144;no;no;cellular;29;jul;417;1;184;4;success;yes
35;self-employed;married;tertiary;no;560;yes;no;cellular;2;apr;58;1;136;1;failure;no
56;admin.;married;secondary;no;0;yes;no;telephone;19;nov;154;2;-1;0;unknown;no
34;management;single;tertiary;no;2679;yes;no;cellular;7;may;195;1;-1;0;unknown;no
32;services;married;secondary;no;180;yes;no;telephone;15;may;45;2;-1;0;unknown;no
28;admin.;single;secondary;no;1323;yes;no;unknown;3;jun;361;1;-1;0;unknown;no
55;technician;divorced;secondary;no;3450;no;no;cellular;10;feb;169;1;183;1;failure;yes
36;management;married;tertiary;no;1477;no;no;cellular;7;aug;71;2;-1;0;unknown;no
48;services;married;primary;yes;-583;yes;no;unknown;2;jun;25;7;-1;0;unknown;no
39;self-employed;married;secondary;no;4722;yes;no;unknown;17;jun;483;1;-1;0;unknown;no
46;management;divorced;tertiary;no;134;no;no;cellular;19;aug;134;2;-1;0;unknown;no
45;blue-collar;single;secondary;no;0;yes;no;cellular;26;jul;768;2;91;5;success;no
45;technician;single;tertiary;no;0;yes;no;cellular;18;nov;139;2;-1;0;unknown;no
55;management;divorced;tertiary;no;-612;no;no;cellular;26;aug;131;2;-1;0;unknown;no
42;management;single;tertiary;no;100;no;no;cellular;7;aug;64;2;-1;0;unknown;no
56;technician;married;secondary;no;359;yes;no;unknown;6;jun;220;4;-1;0;unknown;no
54;self-employed;divorced;primary;no;4382;yes;no;telephone;18;may;193;4;-1;0;unknown;no
37;blue-collar;married;secondary;no;954;yes;no;unknown;2;jun;402;9;-1;0;unknown;no
29;technician;married;secondary;no;1599;yes;no;cellular;8;jul;115;1;61;1;failure;no
32;blue-collar;married;secondary;no;1905;yes;no;cellular;16;jul;709;2;-1;0;unknown;yes
56;management;divorced;tertiary;no;-59;no;yes;cellular;28;jul;127;6;-1;0;unknown;no
43;blue-collar;single;primary;no;30;yes;no;unknown;30;may;379;17;-1;0;unknown;no
35;blue-collar;married;secondary;no;305;yes;no;cellular;18;may;7;7;367;25;failure;no
31;admin.;married;secondary;no;0;yes;yes;cellular;18;nov;79;3;-1;0;unknown;no
45;management;married;tertiary;no;1929;yes;no;unknown;29;may;44;15;-1;0;unknown;no
30;management;married;tertiary;no;1942;yes;yes;cellular;21;nov;436;2;178;3;other;yes
34;management;single;tertiary;no;318;yes;no;unknown;9;may;133;2;-1;0;unknown;no
31;management;married;tertiary;no;459;no;no;cellular;28;aug;13;14;-1;0;unknown;no
24;blue-collar;married;secondary;no;9;yes;no;unknown;27;may;292;7;-1;0;unknown;no
66;retired;married;tertiary;no;2262;no;no;cellular;22;apr;155;1;-1;0;unknown;no
55;unemployed;married;tertiary;no;4809;yes;no;cellular;21;nov;223;2;186;3;other;no
43;blue-collar;single;secondary;no;24;no;no;cellular;12;may;68;1;363;1;failure;no
27;student;single;tertiary;no;-148;yes;no;cellular;11;sep;146;3;224;1;other;no
56;unemployed;divorced;primary;no;802;no;no;telephone;3;feb;258;2;-1;0;unknown;no
34;management;single;tertiary;no;171;yes;no;cellular;7;may;191;1;294;1;failure;no
51;management;married;tertiary;no;1612;no;no;cellular;16;mar;384;1;182;5;failure;no
37;admin.;single;secondary;no;-296;yes;no;cellular;20;apr;81;1;-1;0;unknown;no
30;unemployed;married;tertiary;no;0;yes;no;cellular;18;nov;756;1;-1;0;unknown;no
28;services;single;secondary;no;94;yes;no;cellular;16;apr;300;1;-1;0;unknown;no
36;admin.;married;secondary;no;725;yes;no;cellular;27;feb;123;3;99;8;failure;no
50;housemaid;divorced;primary;no;94;yes;no;cellular;22;jul;184;4;-1;0;unknown;no
43;entrepreneur;married;tertiary;no;1574;yes;no;cellular;19;nov;167;3;-1;0;unknown;no
35;technician;married;secondary;no;0;yes;no;cellular;9;nov;524;1;96;5;success;yes
25;technician;single;secondary;no;-80;yes;yes;unknown;3;jun;89;1;-1;0;unknown;no
39;services;divorced;secondary;no;282;yes;no;cellular;17;jul;243;1;-1;0;unknown;no
40;management;married;tertiary;no;10786;no;no;unknown;20;jun;111;3;-1;0;unknown;no
40;technician;married;secondary;no;257;yes;no;unknown;16;may;731;4;-1;0;unknown;no
32;technician;married;tertiary;no;-1053;yes;no;cellular;21;jul;357;3;-1;0;unknown;no
38;services;married;secondary;no;1;no;yes;cellular;21;nov;152;2;-1;0;unknown;no
24;blue-collar;single;unknown;no;431;yes;no;unknown;3;jun;108;12;-1;0;unknown;no
60;self-employed;single;secondary;no;27;no;no;cellular;22;aug;40;2;-1;0;unknown;no
58;entrepreneur;married;secondary;no;2;no;no;unknown;16;jun;684;1;-1;0;unknown;no
37;blue-collar;married;secondary;no;685;yes;no;unknown;6;jun;968;1;-1;0;unknown;no
33;management;single;primary;no;4897;yes;no;unknown;20;may;151;1;-1;0;unknown;no
39;admin.;single;secondary;no;163;yes;no;cellular;30;jan;107;2;-1;0;unknown;no
31;technician;married;secondary;no;589;yes;yes;unknown;21;may;151;1;-1;0;unknown;no
43;management;divorced;tertiary;no;99;no;no;cellular;29;jan;24;3;-1;0;unknown;no
46;self-employed;married;tertiary;no;137;yes;yes;unknown;5;may;246;1;-1;0;unknown;no
30;management;single;tertiary;no;-218;yes;no;cellular;27;aug;13;15;-1;0;unknown;no
42;technician;married;secondary;no;440;yes;no;cellular;3;feb;13;5;-1;0;unknown;no
35;admin.;married;secondary;no;725;yes;no;cellular;20;nov;219;7;133;1;failure;no
39;services;married;secondary;no;0;yes;no;unknown;20;may;793;2;-1;0;unknown;no
33;services;married;secondary;no;0;yes;no;telephone;22;jul;44;8;-1;0;unknown;no
57;technician;married;secondary;no;6164;no;no;cellular;19;nov;161;2;-1;0;unknown;no
34;blue-collar;married;primary;no;176;no;no;cellular;24;jul;78;1;-1;0;unknown;no
32;self-employed;married;secondary;no;217;yes;yes;cellular;15;jul;317;5;-1;0;unknown;no
37;technician;married;secondary;no;4030;yes;no;unknown;26;may;178;5;-1;0;unknown;no
33;management;divorced;secondary;no;106;no;no;cellular;20;aug;175;3;-1;0;unknown;no
32;management;single;tertiary;no;3616;no;no;cellular;14;aug;165;2;-1;0;unknown;no
49;entrepreneur;divorced;unknown;yes;-701;yes;no;cellular;30;jul;988;2;-1;0;unknown;yes
53;retired;married;tertiary;no;-22;yes;no;cellular;31;jul;20;3;-1;0;unknown;no
28;student;single;tertiary;no;0;no;no;cellular;28;sep;294;2;105;7;other;yes
26;blue-collar;single;secondary;no;179;no;no;cellular;30;jul;103;3;-1;0;unknown;no
25;entrepreneur;single;tertiary;no;16874;yes;yes;cellular;15;may;117;2;-1;0;unknown;no
35;housemaid;married;tertiary;no;20;yes;yes;cellular;17;jul;505;3;-1;0;unknown;no
45;services;married;secondary;no;-839;yes;no;unknown;28;may;68;1;-1;0;unknown;no
30;blue-collar;single;primary;no;71;yes;no;unknown;19;may;122;6;-1;0;unknown;no
71;retired;married;tertiary;no;14220;yes;no;cellular;9;sep;397;1;-1;0;unknown;yes
45;admin.;married;secondary;no;194;no;no;cellular;31;jul;517;4;-1;0;unknown;no
51;blue-collar;divorced;primary;no;837;no;no;telephone;30;jul;41;2;-1;0;unknown;no
29;blue-collar;single;secondary;no;309;yes;no;cellular;11;may;471;3;-1;0;unknown;no
39;blue-collar;married;unknown;no;157;yes;no;unknown;30;may;99;6;-1;0;unknown;no
48;technician;married;tertiary;no;0;no;no;telephone;26;aug;176;15;-1;0;unknown;no
35;self-employed;single;tertiary;no;44;no;no;cellular;7;sep;310;2;96;2;other;no
26;management;single;secondary;no;63;no;no;cellular;28;jul;76;4;-1;0;unknown;no
52;technician;married;tertiary;no;0;no;no;cellular;9;aug;145;3;94;4;success;no
53;blue-collar;married;primary;no;25;yes;no;unknown;6;may;266;3;-1;0;unknown;no
46;management;divorced;secondary;no;361;yes;no;unknown;19;may;86;7;-1;0;unknown;no
37;blue-collar;married;primary;no;0;yes;no;cellular;6;may;226;1;363;3;other;no
45;blue-collar;married;primary;no;419;no;no;cellular;18;aug;113;4;-1;0;unknown;no
32;technician;single;tertiary;no;1625;no;no;cellular;22;may;796;1;109;1;failure;yes
42;technician;married;secondary;no;4945;yes;no;cellular;2;mar;311;2;-1;0;unknown;yes
31;self-employed;single;tertiary;no;96;no;no;cellular;5;feb;577;1;-1;0;unknown;no
33;management;married;tertiary;no;641;yes;no;cellular;13;aug;347;2;-1;0;unknown;no
53;blue-collar;married;secondary;no;70;yes;no;unknown;5;may;611;2;-1;0;unknown;no
34;technician;divorced;secondary;no;0;yes;yes;cellular;18;aug;374;16;-1;0;unknown;no
38;admin.;divorced;secondary;no;156;yes;no;unknown;17;jun;544;3;-1;0;unknown;no
35;admin.;divorced;secondary;no;148;no;yes;cellular;8;jul;199;1;-1;0;unknown;no
46;management;married;tertiary;no;523;yes;no;cellular;6;may;105;4;366;2;failure;no
50;blue-collar;married;secondary;no;372;yes;no;telephone;11;may;21;1;-1;0;unknown;no
33;technician;married;secondary;no;6699;no;no;cellular;9;nov;425;1;462;1;failure;no
32;technician;single;secondary;no;309;yes;yes;cellular;16;apr;346;1;234;3;failure;no
35;self-employed;married;tertiary;no;980;no;no;cellular;2;aug;428;2;336;6;failure;no
30;management;single;tertiary;no;47;no;yes;cellular;31;jul;11;17;-1;0;unknown;no
54;management;married;tertiary;no;384;yes;no;cellular;12;may;30;7;-1;0;unknown;no
29;blue-collar;single;tertiary;no;455;no;no;telephone;21;apr;403;1;-1;0;unknown;yes
48;management;married;tertiary;no;586;yes;yes;cellular;6;may;179;2;-1;0;unknown;no
34;blue-collar;married;secondary;no;2542;yes;no;cellular;14;may;228;1;-1;0;unknown;no
41;housemaid;single;secondary;no;231;no;no;cellular;9;jul;76;2;-1;0;unknown;no
36;management;married;tertiary;no;2987;yes;no;cellular;12;aug;307;1;-1;0;unknown;yes
59;blue-collar;married;unknown;no;139;no;no;unknown;5;jun;153;1;-1;0;unknown;no
30;management;single;tertiary;no;329;yes;no;unknown;6;jun;122;16;-1;0;unknown;no
48;services;married;secondary;yes;-20;no;no;cellular;20;aug;142;2;-1;0;unknown;no
37;admin.;married;secondary;no;176;yes;no;cellular;5;may;147;2;347;1;failure;no
22;student;single;secondary;no;246;yes;no;telephone;12;may;25;1;-1;0;unknown;no
30;management;married;tertiary;no;562;no;no;cellular;21;aug;137;4;-1;0;unknown;no
76;retired;married;primary;no;2590;no;no;telephone;9;feb;68;12;-1;0;unknown;no
26;blue-collar;single;secondary;no;-32;yes;yes;cellular;31;jul;14;6;-1;0;unknown;no
49;blue-collar;married;primary;no;0;yes;yes;telephone;23;jul;97;6;-1;0;unknown;no
45;blue-collar;married;primary;no;61;no;no;cellular;17;apr;108;1;-1;0;unknown;no
34;technician;single;tertiary;no;992;yes;no;cellular;4;may;301;1;88;2;success;no
31;management;married;tertiary;no;430;yes;no;cellular;25;jul;137;16;-1;0;unknown;no
26;services;single;secondary;no;5533;yes;no;cellular;7;may;582;2;283;4;failure;no
42;blue-collar;married;secondary;no;230;yes;no;unknown;5;jun;175;7;-1;0;unknown;no
35;management;married;tertiary;no;1253;yes;no;unknown;19;may;210;2;-1;0;unknown;no
29;admin.;married;secondary;no;22171;yes;no;cellular;18;may;44;1;355;3;failure;no
47;services;married;secondary;no;440;yes;no;unknown;12;jun;91;1;-1;0;unknown;no
45;self-employed;married;secondary;no;706;no;no;cellular;30;apr;78;2;176;1;success;no
37;entrepreneur;married;tertiary;no;2685;no;no;unknown;20;jun;187;2;-1;0;unknown;no
41;management;married;tertiary;no;51;no;no;cellular;25;aug;140;8;-1;0;unknown;no
30;admin.;married;secondary;no;124;no;no;telephone;16;jun;161;2;-1;0;unknown;no
58;blue-collar;married;secondary;no;-27;no;yes;telephone;31;jul;77;13;-1;0;unknown;no
53;management;married;primary;no;4086;no;no;unknown;20;jun;14;3;-1;0;unknown;no
45;admin.;married;secondary;no;-388;yes;no;cellular;14;jul;175;2;-1;0;unknown;no
34;management;single;tertiary;no;184;no;no;cellular;22;jul;203;4;-1;0;unknown;no
31;management;married;tertiary;no;1331;no;no;cellular;30;apr;297;1;86;3;success;yes
39;technician;single;tertiary;no;1043;no;no;cellular;18;aug;195;10;-1;0;unknown;no
36;admin.;single;secondary;no;319;yes;no;cellular;18;may;120;2;-1;0;unknown;no
27;admin.;married;secondary;no;1033;yes;no;unknown;9;may;1713;1;-1;0;unknown;no
53;technician;married;unknown;no;619;no;no;unknown;17;jun;198;6;-1;0;unknown;no
49;services;married;secondary;no;1122;no;no;cellular;4;aug;143;1;-1;0;unknown;no
47;technician;married;secondary;no;2246;yes;no;cellular;10;jul;330;1;-1;0;unknown;no
41;unemployed;divorced;secondary;no;1281;no;no;cellular;31;jul;45;3;-1;0;unknown;no
56;management;divorced;tertiary;no;2959;yes;no;telephone;18;may;325;1;-1;0;unknown;no
48;technician;single;tertiary;no;-551;yes;no;cellular;11;may;168;2;-1;0;unknown;no
41;management;married;primary;no;5310;yes;no;cellular;17;nov;984;1;-1;0;unknown;yes
49;self-employed;married;secondary;no;1103;no;no;cellular;12;aug;428;2;-1;0;unknown;no
36;blue-collar;married;primary;no;398;yes;no;unknown;12;jun;278;1;-1;0;unknown;no
58;retired;married;secondary;no;35;no;no;cellular;29;jul;336;7;-1;0;unknown;no
33;blue-collar;married;secondary;no;331;yes;no;cellular;14;may;178;7;365;5;other;no
60;management;married;secondary;no;725;yes;no;cellular;8;jul;266;1;-1;0;unknown;no
36;management;single;tertiary;no;2806;yes;no;unknown;30;may;358;4;-1;0;unknown;no
43;management;married;tertiary;no;422;no;no;cellular;12;aug;110;1;-1;0;unknown;no
37;services;married;secondary;no;4760;yes;no;cellular;8;may;182;2;169;2;failure;no
53;blue-collar;single;secondary;no;5715;no;no;cellular;28;jan;287;2;-1;0;unknown;no
59;retired;married;primary;no;1427;no;no;unknown;18;jun;140;2;-1;0;unknown;no
55;blue-collar;married;secondary;no;989;yes;yes;unknown;23;may;246;4;-1;0;unknown;no
24;technician;married;secondary;no;556;yes;no;cellular;18;aug;460;2;-1;0;unknown;yes
61;admin.;married;secondary;no;4608;no;no;cellular;12;mar;212;1;-1;0;unknown;yes
44;blue-collar;married;secondary;no;-674;yes;no;unknown;5;may;257;1;-1;0;unknown;no
34;management;married;tertiary;no;0;no;no;cellular;20;aug;263;2;-1;0;unknown;no
40;self-employed;married;primary;no;2077;yes;no;cellular;13;may;363;1;173;24;other;no
35;admin.;single;secondary;no;0;yes;no;cellular;13;may;1073;1;-1;0;unknown;yes
33;blue-collar;married;secondary;no;889;yes;no;unknown;18;sep;13;1;373;6;success;no
35;blue-collar;married;secondary;no;1257;yes;no;cellular;20;apr;93;3;329;7;failure;no
27;management;single;tertiary;no;88;no;no;cellular;4;may;143;1;-1;0;unknown;no
38;services;married;secondary;no;434;yes;no;unknown;20;may;411;1;-1;0;unknown;no
23;technician;single;tertiary;no;1129;yes;no;unknown;28;may;806;1;-1;0;unknown;yes
27;student;single;tertiary;no;5291;no;no;cellular;12;nov;192;2;92;2;failure;yes
27;housemaid;married;secondary;no;4848;yes;yes;telephone;23;jul;82;3;-1;0;unknown;no
54;blue-collar;married;secondary;no;2059;yes;no;cellular;25;aug;177;4;-1;0;unknown;no
31;management;married;tertiary;no;4945;no;no;cellular;11;aug;445;1;-1;0;unknown;no
27;services;single;secondary;no;795;no;no;cellular;6;feb;101;3;-1;0;unknown;no
37;technician;divorced;secondary;no;2610;yes;no;cellular;13;may;53;1;-1;0;unknown;no
61;management;married;tertiary;no;997;no;no;cellular;10;mar;106;1;-1;0;unknown;yes
29;services;single;secondary;no;209;yes;no;cellular;28;jul;487;7;-1;0;unknown;no
31;unemployed;single;secondary;no;315;no;no;cellular;30;jan;130;1;2;1;other;no
38;management;married;tertiary;no;2278;yes;yes;cellular;13;may;244;1;-1;0;unknown;no
29;blue-collar;married;secondary;no;424;yes;yes;unknown;14;may;241;2;-1;0;unknown;no
58;blue-collar;divorced;primary;no;8218;yes;no;cellular;31;jul;124;10;-1;0;unknown;no
55;blue-collar;married;primary;no;2275;no;no;cellular;25;aug;139;9;-1;0;unknown;no
59;management;married;secondary;no;42;no;no;cellular;21;nov;40;1;-1;0;unknown;no
35;admin.;married;secondary;no;786;no;yes;cellular;25;jul;322;1;-1;0;unknown;no
34;admin.;married;tertiary;no;37;no;no;cellular;6;feb;45;1;-1;0;unknown;no
46;retired;married;primary;no;-35;yes;no;cellular;7;may;304;3;-1;0;unknown;no
42;self-employed;married;tertiary;no;0;no;no;cellular;8;aug;118;6;-1;0;unknown;no
33;admin.;married;secondary;no;95;yes;no;cellular;30;apr;335;1;-1;0;unknown;yes
32;services;married;secondary;no;-632;yes;yes;cellular;20;apr;18;5;-1;0;unknown;no
28;blue-collar;married;primary;no;702;yes;no;unknown;26;jun;318;2;-1;0;unknown;no
46;blue-collar;married;secondary;no;182;no;no;cellular;4;feb;56;1;-1;0;unknown;no
33;management;divorced;tertiary;yes;280;no;yes;cellular;18;nov;155;1;-1;0;unknown;no
39;admin.;divorced;secondary;no;399;yes;yes;cellular;14;aug;133;2;-1;0;unknown;no
42;blue-collar;divorced;secondary;no;1491;yes;no;cellular;6;may;203;2;334;2;failure;no
41;management;married;tertiary;no;5883;no;no;cellular;20;nov;182;2;-1;0;unknown;no
47;blue-collar;married;primary;no;233;no;no;cellular;8;aug;293;3;-1;0;unknown;no
41;self-employed;single;tertiary;no;3950;yes;no;unknown;30;may;96;2;-1;0;unknown;no
60;services;married;tertiary;no;4256;yes;no;cellular;16;aug;239;3;761;1;other;yes
48;management;married;secondary;no;99;yes;no;unknown;28;may;344;1;-1;0;unknown;no
33;technician;single;secondary;no;920;yes;no;cellular;21;nov;58;1;122;4;failure;no
45;blue-collar;married;secondary;no;4022;yes;no;cellular;29;jan;244;3;-1;0;unknown;no
55;blue-collar;married;primary;no;1649;yes;no;cellular;12;may;52;3;-1;0;unknown;no
31;management;married;tertiary;yes;-253;no;no;cellular;12;aug;220;4;-1;0;unknown;no
46;admin.;married;secondary;no;22;no;no;cellular;26;aug;388;6;-1;0;unknown;yes
47;management;divorced;tertiary;no;2515;no;no;unknown;20;jun;40;3;-1;0;unknown;no
55;technician;divorced;secondary;no;61;yes;yes;cellular;25;aug;113;3;-1;0;unknown;no
41;management;married;tertiary;no;140;yes;no;unknown;5;jun;65;3;-1;0;unknown;no
43;management;divorced;tertiary;no;388;yes;no;unknown;8;may;2087;2;-1;0;unknown;yes
49;management;divorced;tertiary;no;2370;yes;yes;unknown;17;nov;56;1;103;2;other;no
32;technician;single;tertiary;no;2185;no;no;cellular;20;nov;354;2;-1;0;unknown;no
34;management;married;tertiary;no;8;no;no;cellular;25;aug;169;4;-1;0;unknown;no
36;services;married;secondary;no;1328;yes;no;unknown;6;jun;82;4;-1;0;unknown;no
58;management;married;tertiary;no;1831;no;no;cellular;17;nov;1531;1;-1;0;unknown;no
45;blue-collar;married;primary;no;13117;no;no;unknown;11;jun;42;2;-1;0;unknown;no
37;management;single;tertiary;no;876;yes;no;cellular;15;apr;140;4;327;2;failure;no
27;blue-collar;married;secondary;yes;-584;yes;no;cellular;7;may;411;2;-1;0;unknown;no
36;blue-collar;married;secondary;no;688;yes;no;unknown;6;may;174;2;-1;0;unknown;no
38;blue-collar;single;secondary;no;578;yes;no;unknown;21;may;112;2;-1;0;unknown;no
41;technician;married;tertiary;no;0;no;no;unknown;20;jun;95;1;-1;0;unknown;no
32;management;married;tertiary;no;2349;no;no;cellular;14;aug;134;5;-1;0;unknown;no
36;admin.;divorced;secondary;no;-37;yes;no;unknown;27;may;151;1;-1;0;unknown;no
50;blue-collar;married;secondary;no;2320;yes;no;cellular;7;apr;310;1;-1;0;unknown;no
34;blue-collar;married;secondary;no;470;yes;yes;cellular;20;apr;217;1;-1;0;unknown;no
80;retired;married;secondary;no;462;no;no;cellular;7;dec;127;2;-1;0;unknown;no
28;technician;single;tertiary;no;183;yes;yes;unknown;28;may;62;2;-1;0;unknown;no
25;student;single;secondary;no;304;no;no;cellular;26;may;226;2;-1;0;unknown;yes
59;management;married;tertiary;no;0;no;no;cellular;27;aug;87;4;-1;0;unknown;no
54;housemaid;married;secondary;no;209;yes;yes;cellular;25;jul;97;1;-1;0;unknown;no
32;blue-collar;single;secondary;no;811;yes;no;cellular;14;may;563;1;-1;0;unknown;yes
83;retired;divorced;primary;no;0;no;no;telephone;31;may;664;1;77;3;success;no
38;management;married;tertiary;no;46;no;no;cellular;29;aug;70;4;-1;0;unknown;no
34;services;single;secondary;no;84;yes;no;unknown;23;may;299;1;-1;0;unknown;no
37;student;married;unknown;no;0;no;no;unknown;18;jun;115;1;-1;0;unknown;no
29;management;married;tertiary;no;581;yes;yes;cellular;14;jul;192;2;-1;0;unknown;no
49;housemaid;married;tertiary;no;443;no;no;cellular;8;aug;27;6;-1;0;unknown;no
42;entrepreneur;divorced;tertiary;yes;2;yes;no;unknown;5;may;380;1;-1;0;unknown;no
55;management;married;primary;no;2587;no;no;cellular;4;sep;328;2;94;2;success;yes
59;blue-collar;married;primary;no;2814;no;no;unknown;20;jun;81;3;-1;0;unknown;no
58;management;married;tertiary;no;2729;no;no;unknown;18;jun;188;1;-1;0;unknown;no
32;self-employed;married;secondary;no;-33;yes;no;unknown;28;may;234;3;-1;0;unknown;no
40;blue-collar;married;primary;no;98;yes;no;unknown;2;jun;193;5;-1;0;unknown;no
32;management;married;tertiary;no;1667;yes;no;cellular;18;nov;164;2;179;3;failure;no
47;self-employed;married;tertiary;no;2303;yes;no;cellular;6;may;323;2;364;1;failure;no
33;technician;married;secondary;no;0;yes;yes;cellular;19;nov;163;2;-1;0;unknown;no
39;services;married;secondary;no;0;yes;no;cellular;8;may;503;1;-1;0;unknown;no
32;entrepreneur;divorced;secondary;no;1121;yes;yes;cellular;16;apr;211;3;-1;0;unknown;no
38;self-employed;married;secondary;no;279;yes;no;unknown;28;may;110;5;-1;0;unknown;no
50;management;married;tertiary;no;2881;no;no;cellular;5;aug;510;2;2;5;other;no
34;technician;single;secondary;no;179;no;no;cellular;19;aug;294;3;-1;0;unknown;no
41;management;married;tertiary;no;-29;no;no;cellular;29;jan;41;2;266;2;failure;no
32;technician;married;secondary;no;84;no;yes;cellular;29;jul;403;3;-1;0;unknown;no
52;retired;married;secondary;no;603;no;yes;unknown;9;jun;79;1;-1;0;unknown;no
27;blue-collar;single;primary;no;-79;yes;no;unknown;30;may;385;5;-1;0;unknown;no
32;technician;married;secondary;no;3333;no;no;cellular;8;aug;50;4;-1;0;unknown;no
58;admin.;married;secondary;no;3496;yes;no;unknown;2;jun;111;4;-1;0;unknown;no
33;technician;divorced;secondary;yes;10;yes;yes;cellular;18;nov;167;5;-1;0;unknown;no
47;unemployed;married;primary;no;168;yes;no;telephone;30;jan;66;1;241;1;other;no
55;retired;married;primary;no;-966;no;yes;cellular;14;may;104;1;-1;0;unknown;no
38;admin.;married;secondary;no;4196;yes;no;cellular;12;may;193;2;-1;0;unknown;no
23;services;single;secondary;no;500;yes;no;unknown;4;jun;111;3;-1;0;unknown;no
30;services;single;secondary;no;3485;no;no;cellular;2;feb;142;2;-1;0;unknown;no
40;services;married;tertiary;no;35;no;no;cellular;3;jul;318;4;317;3;failure;no
30;admin.;single;secondary;no;1009;yes;no;cellular;29;jan;253;1;-1;0;unknown;no
33;admin.;married;secondary;no;1158;yes;no;cellular;20;apr;25;2;-1;0;unknown;no
40;self-employed;married;tertiary;no;13669;no;no;cellular;15;oct;138;1;136;8;other;no
27;blue-collar;single;primary;no;1128;yes;no;unknown;30;jun;88;4;-1;0;unknown;no
37;blue-collar;married;secondary;no;346;yes;no;cellular;17;apr;390;1;316;1;failure;no
38;technician;married;secondary;no;4030;yes;no;cellular;19;nov;75;2;177;5;failure;no
32;technician;single;tertiary;no;13711;yes;no;cellular;14;may;638;1;175;3;success;no
32;management;divorced;tertiary;no;948;no;no;cellular;12;aug;204;2;-1;0;unknown;no
50;management;divorced;tertiary;no;100;yes;yes;cellular;13;may;157;1;299;3;failure;no
51;blue-collar;married;unknown;no;1883;yes;no;unknown;5;may;57;1;-1;0;unknown;no
39;admin.;divorced;secondary;no;1022;yes;no;unknown;20;jun;20;3;-1;0;unknown;no
36;management;single;tertiary;no;339;no;no;cellular;21;nov;6;6;-1;0;unknown;no
47;management;married;tertiary;no;286;no;no;cellular;22;aug;557;7;-1;0;unknown;no
32;management;married;tertiary;no;55;no;no;cellular;2;feb;124;3;-1;0;unknown;no
30;services;single;secondary;no;209;yes;no;unknown;6;may;30;2;-1;0;unknown;no
41;blue-collar;married;secondary;no;1459;no;no;unknown;5;jun;82;1;-1;0;unknown;no
33;management;single;tertiary;no;201;yes;no;cellular;19;nov;171;1;183;1;failure;no
34;services;married;secondary;no;1076;no;no;cellular;12;may;152;1;182;6;success;yes
44;management;married;secondary;no;438;yes;no;telephone;8;may;37;3;303;1;failure;no
25;technician;single;secondary;no;505;no;yes;cellular;17;nov;386;2;-1;0;unknown;yes
35;management;married;tertiary;no;3161;no;no;cellular;8;aug;433;2;-1;0;unknown;no
32;housemaid;married;tertiary;no;357;yes;no;cellular;18;nov;175;2;-1;0;unknown;no
26;management;divorced;tertiary;yes;-402;no;yes;unknown;12;may;127;2;-1;0;unknown;no
37;blue-collar;married;primary;no;378;yes;no;unknown;9;may;514;1;-1;0;unknown;no
39;management;divorced;tertiary;no;1315;yes;no;cellular;19;nov;1337;4;126;1;failure;no
39;technician;single;secondary;no;122;yes;no;unknown;2;jun;158;1;-1;0;unknown;no
46;technician;divorced;secondary;no;435;yes;no;unknown;15;may;192;3;-1;0;unknown;no
34;management;married;tertiary;no;1518;yes;no;cellular;20;nov;128;2;-1;0;unknown;no
41;technician;married;secondary;no;2125;yes;yes;cellular;21;nov;285;3;116;4;failure;no
30;technician;married;secondary;no;1211;yes;no;cellular;18;may;176;1;-1;0;unknown;no
54;retired;married;secondary;no;1139;yes;no;cellular;14;may;155;1;177;7;failure;no
39;self-employed;married;secondary;no;167;yes;yes;cellular;17;jul;330;1;-1;0;unknown;no
42;unemployed;divorced;secondary;no;759;no;no;cellular;28;jan;97;1;169;3;failure;no
31;blue-collar;married;primary;no;352;yes;no;unknown;19;may;97;9;-1;0;unknown;no
33;management;married;tertiary;no;1808;yes;no;unknown;4;jun;99;4;-1;0;unknown;no
42;management;married;primary;no;-679;yes;yes;cellular;6;may;159;1;343;2;failure;no
37;technician;married;secondary;no;64;yes;no;cellular;12;may;239;4;278;2;other;no
44;technician;divorced;secondary;no;316;yes;no;cellular;21;jul;163;3;-1;0;unknown;no
34;technician;single;secondary;no;16;no;no;cellular;13;aug;990;1;-1;0;unknown;yes
83;retired;married;primary;no;425;no;no;telephone;22;jun;883;1;140;1;failure;yes
37;blue-collar;married;primary;no;403;yes;no;cellular;8;may;318;2;338;1;success;no
41;services;married;secondary;no;171;no;no;cellular;21;jul;71;9;-1;0;unknown;no
28;blue-collar;single;secondary;no;2700;no;no;cellular;3;feb;337;4;-1;0;unknown;no
36;entrepreneur;married;tertiary;no;1169;yes;no;unknown;6;may;168;2;-1;0;unknown;no
32;management;married;secondary;no;3935;yes;no;unknown;29;may;129;2;-1;0;unknown;no
28;management;married;tertiary;no;1480;yes;no;cellular;18;may;143;1;-1;0;unknown;no
56;retired;divorced;secondary;no;212;no;yes;telephone;17;jul;27;1;-1;0;unknown;no
28;technician;single;secondary;no;227;no;no;cellular;30;apr;278;1;-1;0;unknown;yes
78;retired;divorced;primary;no;229;no;no;telephone;22;oct;97;1;-1;0;unknown;yes
22;student;single;primary;no;3472;no;no;cellular;20;oct;332;1;183;3;failure;yes
32;blue-collar;single;secondary;no;33;yes;no;cellular;18;may;125;1;368;4;failure;no
28;management;single;secondary;no;1633;no;no;cellular;5;jun;275;1;-1;0;unknown;yes
48;unemployed;married;primary;no;5462;no;no;unknown;6;jun;29;4;-1;0;unknown;no
31;management;single;secondary;no;36;no;no;cellular;27;aug;105;2;-1;0;unknown;no
34;technician;married;secondary;no;0;yes;no;cellular;15;jul;144;1;-1;0;unknown;no
37;management;married;tertiary;no;0;no;no;cellular;11;mar;129;4;107;2;failure;no
36;self-employed;married;tertiary;no;506;no;no;cellular;25;aug;47;1;120;1;failure;no
28;services;single;secondary;no;168;no;no;cellular;1;jun;347;3;140;2;success;yes
25;blue-collar;single;secondary;no;913;yes;no;cellular;7;jul;113;4;-1;0;unknown;no
31;technician;single;secondary;no;35;no;yes;cellular;16;jul;229;1;-1;0;unknown;no
57;blue-collar;married;primary;no;5431;yes;yes;unknown;6;may;383;1;-1;0;unknown;no
36;management;divorced;tertiary;no;608;no;no;cellular;26;aug;125;2;-1;0;unknown;no
40;blue-collar;married;primary;no;1206;no;yes;telephone;16;jul;201;5;-1;0;unknown;no
36;blue-collar;married;secondary;no;1587;yes;no;cellular;28;jul;200;2;-1;0;unknown;no
27;technician;single;secondary;no;489;yes;no;cellular;30;jul;356;4;-1;0;unknown;yes
31;management;married;tertiary;no;395;yes;no;cellular;9;feb;155;3;-1;0;unknown;no
30;technician;single;secondary;no;3107;yes;no;unknown;3;jun;1516;2;-1;0;unknown;no
41;self-employed;married;tertiary;no;231;no;no;cellular;7;aug;352;2;-1;0;unknown;yes
33;blue-collar;married;secondary;no;625;yes;no;unknown;28;may;410;1;-1;0;unknown;no
50;unknown;married;primary;no;341;yes;yes;cellular;20;apr;670;4;340;2;success;yes
44;management;married;tertiary;no;529;yes;no;unknown;4;jun;129;4;-1;0;unknown;no
28;technician;single;tertiary;no;102;no;no;cellular;28;jan;321;2;-1;0;unknown;no
32;services;married;primary;no;228;yes;no;cellular;21;jul;1017;6;-1;0;unknown;yes
59;management;married;tertiary;no;1585;no;no;telephone;28;aug;91;5;-1;0;unknown;no
47;housemaid;married;primary;no;201;yes;no;cellular;7;aug;58;2;382;1;failure;no
35;technician;married;tertiary;no;0;yes;yes;cellular;23;sep;112;1;62;6;other;no
48;technician;married;secondary;no;197;no;yes;cellular;3;feb;47;2;222;3;other;no
36;management;married;tertiary;no;1582;no;no;telephone;3;feb;26;2;197;1;failure;no
51;self-employed;married;unknown;no;2094;no;no;cellular;8;jun;458;6;-1;0;unknown;yes
28;technician;single;secondary;no;1453;yes;no;cellular;12;may;246;1;343;1;other;no
49;blue-collar;married;secondary;no;579;yes;no;unknown;28;may;396;1;-1;0;unknown;no
29;management;divorced;tertiary;no;415;yes;yes;unknown;28;may;449;4;-1;0;unknown;no
56;unemployed;married;primary;no;3391;no;no;cellular;21;apr;243;1;-1;0;unknown;yes
35;management;married;tertiary;no;175;yes;no;cellular;7;aug;257;2;-1;0;unknown;no
45;management;single;tertiary;no;16;no;no;cellular;31;jul;59;2;-1;0;unknown;no
87;retired;married;primary;no;230;no;no;cellular;30;oct;144;1;-1;0;unknown;yes
58;retired;married;secondary;no;502;yes;no;cellular;12;may;197;2;370;3;failure;no
48;blue-collar;married;secondary;no;1159;yes;yes;cellular;15;may;1181;9;-1;0;unknown;no
51;technician;married;secondary;no;18;no;yes;cellular;25;jul;363;6;-1;0;unknown;no
33;management;divorced;secondary;no;1897;yes;yes;unknown;2;jun;197;1;-1;0;unknown;no
55;blue-collar;married;secondary;no;1011;yes;no;cellular;12;aug;112;2;-1;0;unknown;no
37;services;single;tertiary;no;223;yes;no;unknown;28;may;25;1;-1;0;unknown;no
46;blue-collar;married;secondary;no;-216;yes;no;cellular;28;jul;404;3;-1;0;unknown;no
30;blue-collar;single;primary;no;395;no;no;cellular;21;nov;429;1;-1;0;unknown;no
48;technician;married;secondary;no;17;yes;yes;cellular;17;nov;81;1;-1;0;unknown;no
56;services;married;secondary;no;705;yes;no;unknown;29;may;151;2;-1;0;unknown;no
29;services;married;secondary;no;3;yes;no;cellular;10;jul;183;1;-1;0;unknown;no
46;admin.;married;secondary;no;466;yes;no;cellular;29;jan;169;1;-1;0;unknown;no
54;unknown;married;secondary;no;2206;no;no;cellular;12;nov;104;1;99;2;other;yes
36;management;single;tertiary;no;553;no;no;cellular;11;aug;106;2;-1;0;unknown;no
30;management;married;tertiary;no;931;no;no;cellular;17;jul;1183;1;-1;0;unknown;no
30;technician;single;tertiary;no;3;yes;no;cellular;6;may;45;2;169;2;failure;no
36;management;married;tertiary;no;0;yes;no;unknown;27;may;145;2;-1;0;unknown;no
39;technician;married;secondary;no;994;no;no;cellular;5;feb;221;1;241;1;failure;no
58;blue-collar;married;secondary;no;602;yes;no;cellular;13;may;201;1;-1;0;unknown;no
29;self-employed;married;tertiary;no;3931;yes;no;unknown;3;jun;73;4;-1;0;unknown;no
34;technician;divorced;tertiary;no;674;yes;no;cellular;7;aug;587;2;-1;0;unknown;yes
58;management;married;primary;no;2769;yes;no;cellular;11;jul;94;2;-1;0;unknown;no
36;services;married;secondary;no;472;yes;no;unknown;19;jun;1017;1;-1;0;unknown;no
34;technician;single;secondary;no;0;yes;yes;unknown;16;may;214;1;-1;0;unknown;no
32;services;single;secondary;no;-402;yes;no;cellular;17;apr;135;1;-1;0;unknown;no
30;management;married;tertiary;no;1882;yes;no;cellular;11;aug;249;5;-1;0;unknown;no
57;admin.;divorced;primary;no;179;yes;no;cellular;15;may;67;1;368;2;failure;no
23;admin.;single;secondary;no;589;yes;no;cellular;6;may;62;1;-1;0;unknown;no
37;blue-collar;married;primary;no;0;yes;no;unknown;26;may;24;1;-1;0;unknown;no
58;management;divorced;tertiary;no;1573;yes;yes;cellular;17;nov;279;1;-1;0;unknown;no
54;retired;married;secondary;no;153;yes;yes;unknown;26;may;74;1;-1;0;unknown;no
55;retired;married;primary;no;150;no;no;cellular;8;jul;124;1;-1;0;unknown;no
35;self-employed;married;secondary;no;8883;no;no;cellular;21;nov;33;3;-1;0;unknown;no
47;blue-collar;married;primary;no;2642;no;no;cellular;13;aug;310;2;-1;0;unknown;no
35;blue-collar;married;secondary;no;5304;yes;no;cellular;20;nov;340;1;183;2;failure;no
42;management;divorced;tertiary;no;401;yes;no;cellular;24;jul;217;9;-1;0;unknown;no
56;retired;married;secondary;no;-113;yes;yes;cellular;12;aug;614;2;-1;0;unknown;no
80;housemaid;married;primary;no;0;no;no;cellular;23;feb;639;1;189;1;failure;yes
54;technician;married;secondary;no;0;no;no;telephone;14;aug;159;2;106;6;success;no
43;admin.;divorced;secondary;no;738;yes;no;cellular;21;nov;585;4;191;4;failure;no
29;management;married;tertiary;no;877;no;no;cellular;3;feb;166;3;-1;0;unknown;no
35;technician;married;secondary;no;13;no;no;cellular;22;aug;94;2;-1;0;unknown;no
45;blue-collar;married;primary;no;2128;yes;no;unknown;19;may;149;4;-1;0;unknown;no
35;management;married;tertiary;no;2682;yes;no;cellular;9;jul;156;1;-1;0;unknown;no
50;management;married;unknown;no;3304;no;no;unknown;5;jun;1009;2;-1;0;unknown;no
59;self-employed;married;tertiary;no;593;no;no;unknown;13;may;64;2;-1;0;unknown;no
36;blue-collar;single;primary;no;1313;yes;no;unknown;20;jun;8;10;-1;0;unknown;no
46;unemployed;single;tertiary;no;705;no;no;cellular;4;feb;398;1;-1;0;unknown;no
46;admin.;married;secondary;no;4958;yes;no;cellular;17;nov;64;3;150;5;other;no
27;services;single;secondary;yes;-1;no;no;cellular;22;jul;60;2;-1;0;unknown;no
57;admin.;divorced;unknown;no;4012;no;no;cellular;20;nov;915;1;-1;0;unknown;no
38;entrepreneur;married;secondary;no;868;no;no;cellular;20;nov;452;2;-1;0;unknown;no
74;retired;married;secondary;no;935;no;no;cellular;26;jan;100;1;104;1;other;no
32;admin.;single;tertiary;no;-59;no;yes;unknown;4;jul;192;1;-1;0;unknown;no
48;blue-collar;married;secondary;no;157;yes;no;unknown;6;may;73;1;-1;0;unknown;no
47;blue-collar;married;secondary;no;480;yes;no;unknown;28;may;211;2;-1;0;unknown;no
46;technician;divorced;secondary;no;3455;yes;no;unknown;14;may;566;2;-1;0;unknown;no
45;management;married;tertiary;no;242;no;no;cellular;30;apr;587;1;-1;0;unknown;yes
27;services;married;secondary;no;54;yes;no;cellular;18;may;97;1;370;1;failure;no
59;management;married;primary;no;1727;no;no;telephone;25;may;500;4;358;2;failure;yes
50;management;married;tertiary;no;-470;yes;no;cellular;19;nov;130;2;160;1;failure;no
56;blue-collar;married;primary;no;151;no;no;cellular;3;feb;128;1;-1;0;unknown;no
34;services;divorced;secondary;no;202;yes;no;unknown;15;may;318;1;-1;0;unknown;no
73;retired;married;primary;no;279;no;no;cellular;28;jan;399;3;-1;0;unknown;yes
32;services;single;secondary;no;0;no;yes;cellular;11;jul;333;2;-1;0;unknown;no
43;technician;divorced;secondary;no;1413;yes;no;telephone;28;jul;75;3;-1;0;unknown;no
33;technician;married;tertiary;no;75;no;no;cellular;21;jul;204;4;-1;0;unknown;no
26;blue-collar;married;secondary;no;484;yes;no;unknown;19;may;48;2;-1;0;unknown;no
42;blue-collar;married;primary;no;7041;yes;no;cellular;28;jul;386;4;-1;0;unknown;no
40;management;married;tertiary;no;-17;yes;yes;cellular;11;may;474;1;256;1;success;yes
26;management;single;tertiary;no;-8;no;no;cellular;13;aug;402;2;-1;0;unknown;no
64;retired;married;secondary;no;1574;no;no;telephone;29;jul;301;3;-1;0;unknown;yes
77;retired;married;tertiary;no;0;no;no;cellular;16;oct;847;1;60;1;success;yes
36;technician;married;secondary;no;23;yes;no;cellular;8;may;152;2;347;1;failure;no
26;blue-collar;single;primary;no;155;yes;no;cellular;29;jan;291;1;244;4;failure;no
32;services;married;secondary;no;55;yes;no;unknown;15;may;546;9;-1;0;unknown;no
51;admin.;married;secondary;no;1415;yes;no;unknown;2;jun;151;3;-1;0;unknown;no
61;technician;married;secondary;no;1191;no;no;cellular;21;may;214;4;-1;0;unknown;yes
34;technician;married;secondary;no;50;no;no;cellular;11;aug;106;3;-1;0;unknown;no
37;blue-collar;married;primary;no;3242;yes;no;unknown;21;may;233;1;-1;0;unknown;no
57;management;married;secondary;no;82;no;yes;telephone;4;feb;140;1;-1;0;unknown;no
38;technician;single;secondary;no;311;yes;no;cellular;28;may;61;2;-1;0;unknown;no
29;management;married;tertiary;no;361;yes;yes;cellular;28;jul;819;3;-1;0;unknown;no
42;self-employed;married;tertiary;no;1932;yes;no;unknown;16;may;192;32;-1;0;unknown;no
40;blue-collar;married;secondary;no;1012;yes;no;cellular;6;may;410;1;-1;0;unknown;no
55;services;married;secondary;no;96;no;no;telephone;30;jul;340;2;-1;0;unknown;no
49;unemployed;married;secondary;no;769;yes;no;unknown;14;may;257;1;-1;0;unknown;no
36;management;married;tertiary;no;1133;yes;no;cellular;4;aug;293;1;181;2;other;yes
43;admin.;married;secondary;no;-465;yes;yes;cellular;23;jul;166;1;-1;0;unknown;no
48;management;divorced;secondary;no;1598;yes;no;unknown;29;may;84;1;-1;0;unknown;no
40;management;married;tertiary;no;1584;yes;no;telephone;21;nov;661;1;-1;0;unknown;no
52;unemployed;married;primary;no;255;no;yes;cellular;10;jul;374;3;-1;0;unknown;no
44;management;married;secondary;no;-665;no;no;cellular;30;jul;342;3;-1;0;unknown;no
37;blue-collar;married;primary;no;689;yes;no;cellular;14;jul;367;2;-1;0;unknown;no
44;management;married;tertiary;no;17361;no;no;unknown;18;jun;476;1;-1;0;unknown;no
26;management;single;tertiary;no;1177;no;no;cellular;19;oct;116;1;-1;0;unknown;no
30;technician;single;tertiary;no;-970;no;yes;cellular;21;aug;194;2;-1;0;unknown;no
31;admin.;married;secondary;no;314;yes;no;cellular;17;apr;279;1;-1;0;unknown;no
48;entrepreneur;married;tertiary;no;810;no;no;unknown;6;jun;383;1;-1;0;unknown;no
24;blue-collar;married;secondary;no;-254;yes;yes;unknown;27;may;290;2;-1;0;unknown;no
42;admin.;married;secondary;no;529;yes;yes;cellular;19;nov;193;3;-1;0;unknown;no
25;admin.;single;tertiary;no;760;yes;no;cellular;27;may;223;3;89;2;failure;yes
26;management;married;tertiary;no;265;no;no;cellular;30;jan;650;2;-1;0;unknown;no
34;technician;single;tertiary;no;632;no;no;cellular;22;aug;215;10;-1;0;unknown;no
46;blue-collar;married;primary;no;2904;no;no;cellular;20;apr;277;2;-1;0;unknown;no
38;entrepreneur;married;secondary;no;157;no;yes;cellular;15;may;57;11;366;1;other;no
36;blue-collar;married;secondary;no;-206;yes;no;unknown;8;may;177;2;-1;0;unknown;no
75;retired;divorced;secondary;no;1341;no;no;cellular;18;dec;415;7;-1;0;unknown;yes
37;technician;married;secondary;no;1633;yes;no;unknown;19;may;229;3;-1;0;unknown;no
51;self-employed;married;secondary;yes;34;no;yes;cellular;7;jul;200;1;-1;0;unknown;no
52;admin.;married;secondary;no;199;no;no;cellular;28;jan;978;2;189;1;other;no
51;services;divorced;secondary;no;518;yes;no;telephone;17;nov;76;1;-1;0;unknown;no
46;housemaid;single;tertiary;no;3232;no;no;telephone;15;jun;94;2;-1;0;unknown;no
46;management;divorced;tertiary;no;624;no;no;cellular;17;sep;336;2;183;2;success;yes
44;management;married;secondary;no;2984;yes;no;unknown;15;may;770;2;-1;0;unknown;no
49;management;single;primary;no;548;no;no;telephone;31;jul;115;6;-1;0;unknown;no
52;retired;divorced;primary;no;353;no;no;cellular;31;jul;395;4;-1;0;unknown;no
60;retired;married;secondary;no;89;no;no;cellular;30;apr;156;2;-1;0;unknown;no
45;services;single;secondary;no;1757;yes;no;cellular;20;apr;1010;3;326;1;other;no
34;technician;married;tertiary;no;5060;yes;no;cellular;21;aug;12;21;-1;0;unknown;no
46;technician;married;secondary;no;1322;yes;yes;cellular;19;nov;514;1;-1;0;unknown;no
43;technician;single;secondary;no;34;no;no;telephone;30;jul;29;1;-1;0;unknown;no
31;technician;married;secondary;no;0;no;yes;cellular;19;aug;144;4;-1;0;unknown;no
26;services;single;secondary;no;1700;yes;no;cellular;7;may;13;5;-1;0;unknown;no
60;retired;divorced;secondary;no;598;no;yes;cellular;8;jul;96;1;-1;0;unknown;no
43;management;married;tertiary;no;690;yes;no;cellular;6;aug;171;3;-1;0;unknown;no
71;retired;married;primary;no;4657;no;no;cellular;16;feb;93;5;-1;0;unknown;yes
42;blue-collar;married;primary;no;792;yes;yes;cellular;19;nov;611;2;175;12;other;no
56;blue-collar;married;secondary;no;2190;no;yes;cellular;30;jan;90;2;232;1;failure;no
50;technician;married;secondary;no;2497;yes;no;cellular;21;nov;35;1;176;1;failure;no
52;management;married;tertiary;no;6922;no;no;cellular;20;nov;371;1;-1;0;unknown;no
60;retired;divorced;unknown;no;-49;yes;no;cellular;29;jan;188;1;261;2;failure;no
38;technician;single;secondary;no;4366;yes;no;cellular;29;jul;188;2;-1;0;unknown;no
35;services;married;secondary;no;0;yes;no;cellular;18;may;146;2;-1;0;unknown;no
53;technician;married;secondary;no;230;no;yes;cellular;13;aug;112;2;-1;0;unknown;no
35;management;married;tertiary;yes;32;yes;no;cellular;21;nov;180;1;-1;0;unknown;no
34;technician;married;tertiary;no;197;no;no;cellular;20;aug;78;3;-1;0;unknown;yes
30;unemployed;single;secondary;yes;-770;yes;no;unknown;28;may;87;1;-1;0;unknown;no
32;blue-collar;married;secondary;yes;-53;yes;no;cellular;16;apr;648;1;272;1;other;yes
51;blue-collar;married;primary;no;0;yes;no;cellular;10;jul;324;1;-1;0;unknown;no
32;management;single;secondary;no;249;yes;no;unknown;2;jun;258;1;-1;0;unknown;no
57;housemaid;married;primary;no;501;yes;yes;cellular;7;aug;59;2;-1;0;unknown;no
52;technician;divorced;secondary;no;204;no;no;cellular;7;aug;134;2;-1;0;unknown;no
32;unemployed;married;secondary;no;2400;yes;yes;cellular;5;feb;450;3;-1;0;unknown;no
45;services;single;primary;no;1893;yes;no;unknown;3;jun;1259;6;-1;0;unknown;yes
31;admin.;married;primary;no;355;yes;yes;unknown;4;jun;61;6;-1;0;unknown;no
53;technician;married;secondary;no;719;yes;no;unknown;14;may;230;1;-1;0;unknown;no
58;retired;married;secondary;no;413;no;no;cellular;27;aug;104;5;-1;0;unknown;no
47;services;married;secondary;no;3333;yes;yes;cellular;29;jul;114;2;-1;0;unknown;no
34;management;married;tertiary;no;436;no;yes;cellular;28;jul;118;4;-1;0;unknown;no
39;management;married;tertiary;no;-606;yes;no;unknown;26;may;142;1;-1;0;unknown;no
34;management;married;tertiary;no;1310;no;no;telephone;30;jan;521;3;158;7;other;no
25;services;married;secondary;no;72;yes;no;cellular;23;jul;305;2;-1;0;unknown;no
32;management;married;tertiary;no;62;yes;no;cellular;14;may;166;1;-1;0;unknown;no
29;technician;single;tertiary;no;2893;yes;no;unknown;3;jun;250;1;-1;0;unknown;no
44;technician;married;secondary;no;10888;yes;no;cellular;5;aug;163;1;-1;0;unknown;no
30;admin.;married;secondary;no;2678;yes;no;cellular;18;may;23;5;-1;0;unknown;no
31;unemployed;single;primary;no;406;no;no;cellular;4;feb;736;1;-1;0;unknown;yes
54;management;married;tertiary;no;55;yes;no;cellular;2;jun;112;2;-1;0;unknown;no
30;student;single;secondary;no;0;yes;no;cellular;19;nov;661;1;-1;0;unknown;no
32;blue-collar;married;secondary;no;3514;yes;no;unknown;20;may;226;2;-1;0;unknown;no
39;management;married;tertiary;no;763;yes;no;cellular;11;may;877;7;300;2;other;yes
42;blue-collar;married;primary;no;505;yes;no;unknown;14;may;521;2;-1;0;unknown;no
59;retired;married;secondary;no;163;no;no;cellular;24;jul;464;1;-1;0;unknown;no
58;retired;married;unknown;no;937;no;no;cellular;5;aug;155;1;-1;0;unknown;no
40;technician;married;tertiary;no;0;no;no;cellular;19;aug;44;1;-1;0;unknown;no
30;management;married;tertiary;no;42;no;no;cellular;25;aug;115;6;-1;0;unknown;no
40;technician;married;secondary;no;1259;no;no;unknown;20;may;234;5;-1;0;unknown;no
37;management;divorced;tertiary;no;896;no;yes;cellular;14;aug;343;2;-1;0;unknown;no
43;blue-collar;married;primary;no;7727;yes;no;unknown;15;may;302;8;-1;0;unknown;no
50;technician;married;secondary;no;-568;yes;yes;unknown;28;may;860;2;-1;0;unknown;no
37;management;married;tertiary;no;547;yes;yes;unknown;21;may;143;1;-1;0;unknown;no
35;blue-collar;single;secondary;no;376;yes;yes;unknown;6;may;207;3;-1;0;unknown;no
32;unemployed;single;tertiary;no;336;yes;no;unknown;8;may;139;1;-1;0;unknown;no
58;retired;married;secondary;no;14412;no;no;cellular;18;nov;297;1;-1;0;unknown;no
28;management;married;tertiary;no;3694;no;yes;cellular;8;jul;70;2;-1;0;unknown;no
37;management;single;tertiary;no;509;yes;no;cellular;6;may;133;1;-1;0;unknown;no
36;management;married;tertiary;no;222;yes;no;cellular;6;may;317;1;169;2;failure;no
37;admin.;married;secondary;no;1193;no;no;cellular;12;may;396;2;-1;0;unknown;no
60;retired;married;primary;no;55;no;no;cellular;4;jun;207;1;-1;0;unknown;no
37;services;single;secondary;no;1175;yes;no;cellular;15;may;102;1;333;2;failure;no
78;retired;married;tertiary;no;226;no;no;telephone;6;nov;136;1;-1;0;unknown;no
29;services;married;secondary;no;3748;no;no;cellular;28;may;322;3;-1;0;unknown;no
62;retired;married;secondary;no;816;no;no;cellular;1;sep;28;2;-1;0;unknown;no
52;blue-collar;divorced;primary;no;1758;yes;no;unknown;15;may;41;1;-1;0;unknown;no
50;blue-collar;married;primary;no;-1;no;no;cellular;19;aug;195;2;-1;0;unknown;no
47;management;divorced;tertiary;no;447;no;yes;unknown;7;may;126;1;-1;0;unknown;no
33;management;single;tertiary;no;-67;yes;no;unknown;5;may;364;1;-1;0;unknown;no
58;blue-collar;married;primary;no;309;no;no;cellular;19;aug;156;2;-1;0;unknown;no
60;management;married;tertiary;no;759;no;no;cellular;14;aug;136;2;-1;0;unknown;no
58;retired;married;secondary;no;425;yes;yes;cellular;17;nov;100;1;-1;0;unknown;no
53;services;married;secondary;no;-2;yes;yes;cellular;16;apr;144;2;-1;0;unknown;no
40;services;married;secondary;no;0;no;no;unknown;12;jun;543;2;-1;0;unknown;no
31;technician;single;tertiary;no;23;no;no;cellular;25;aug;121;3;-1;0;unknown;no
30;management;married;tertiary;no;151;no;no;cellular;19;aug;82;4;-1;0;unknown;no
60;blue-collar;married;primary;no;1472;no;no;unknown;20;jun;36;4;-1;0;unknown;no
28;services;single;secondary;no;290;yes;no;cellular;18;may;128;1;-1;0;unknown;no
31;blue-collar;married;secondary;no;360;yes;yes;cellular;29;jan;89;1;241;1;failure;no
35;technician;married;tertiary;no;118;no;no;cellular;6;aug;358;2;-1;0;unknown;no
34;technician;single;secondary;no;174;no;no;telephone;11;may;259;4;-1;0;unknown;no
25;unemployed;single;tertiary;no;343;no;no;cellular;1;jun;377;1;-1;0;unknown;yes
26;blue-collar;single;secondary;no;592;yes;yes;unknown;27;may;174;1;-1;0;unknown;no
50;technician;married;secondary;no;669;yes;no;unknown;2;jun;88;1;-1;0;unknown;no
32;blue-collar;divorced;secondary;no;0;yes;no;unknown;2;jun;746;2;-1;0;unknown;no
31;admin.;divorced;secondary;no;1890;yes;no;cellular;21;jul;588;1;-1;0;unknown;no
53;entrepreneur;married;unknown;no;28;no;no;cellular;31;jul;117;2;-1;0;unknown;no
26;management;single;tertiary;no;122;no;yes;cellular;8;jul;160;1;-1;0;unknown;no
44;housemaid;married;primary;no;3706;no;no;unknown;17;jun;209;3;-1;0;unknown;no
39;technician;married;tertiary;no;794;no;no;telephone;2;feb;182;1;-1;0;unknown;no
56;retired;married;primary;no;1906;no;yes;unknown;19;jun;45;9;-1;0;unknown;no
36;blue-collar;married;secondary;no;141;yes;no;unknown;23;may;106;3;-1;0;unknown;no
38;management;divorced;tertiary;no;4335;yes;no;cellular;20;nov;640;1;-1;0;unknown;no
34;technician;married;tertiary;no;1539;yes;no;cellular;15;jun;441;1;56;1;other;yes
34;management;single;tertiary;no;6766;no;no;cellular;28;aug;210;5;-1;0;unknown;no
30;blue-collar;single;secondary;no;363;no;no;cellular;28;jul;171;3;-1;0;unknown;no
36;management;married;tertiary;no;-296;yes;no;cellular;14;may;113;3;-1;0;unknown;no
30;self-employed;married;secondary;no;123;no;yes;unknown;17;jul;66;1;85;5;other;no
29;management;single;tertiary;no;437;no;no;cellular;5;aug;504;1;92;1;success;yes
50;blue-collar;married;primary;no;2142;yes;no;cellular;29;jan;309;2;224;1;other;no
48;admin.;married;secondary;no;112;no;no;cellular;18;aug;139;5;-1;0;unknown;no
36;blue-collar;married;secondary;no;439;yes;no;unknown;21;may;260;5;-1;0;unknown;no
38;technician;single;secondary;no;-242;yes;no;cellular;18;may;1173;3;278;6;success;yes
49;unemployed;married;primary;no;-384;yes;no;unknown;27;may;25;1;-1;0;unknown;no
38;management;married;tertiary;no;76;yes;no;cellular;7;jul;196;3;-1;0;unknown;no
37;admin.;married;secondary;no;-107;yes;no;unknown;28;may;158;2;-1;0;unknown;no
44;blue-collar;married;primary;no;271;yes;yes;unknown;9;may;94;1;-1;0;unknown;no
28;blue-collar;single;primary;no;0;yes;yes;unknown;3;jun;380;4;-1;0;unknown;no
33;management;single;tertiary;no;-53;no;no;cellular;29;jan;617;2;-1;0;unknown;no
61;management;married;secondary;no;967;no;no;cellular;20;aug;180;1;-1;0;unknown;no
50;management;married;tertiary;no;207;yes;no;cellular;4;feb;99;1;-1;0;unknown;no
30;blue-collar;married;primary;no;2581;no;no;unknown;12;may;221;2;-1;0;unknown;no
32;management;single;tertiary;no;656;yes;yes;cellular;20;apr;148;2;-1;0;unknown;no
39;technician;married;secondary;no;1048;no;yes;cellular;21;jul;405;1;-1;0;unknown;no
32;services;single;secondary;no;406;yes;no;unknown;6;may;227;1;-1;0;unknown;no
49;management;married;secondary;no;1623;yes;no;cellular;19;nov;1081;2;-1;0;unknown;yes
52;services;married;secondary;no;381;no;yes;cellular;25;aug;288;12;-1;0;unknown;no
40;technician;married;secondary;no;694;yes;no;cellular;4;feb;97;4;196;5;failure;no
38;unemployed;married;primary;no;1147;yes;yes;unknown;8;may;249;5;-1;0;unknown;no
58;housemaid;married;primary;no;435;yes;no;telephone;28;jul;122;6;-1;0;unknown;no
41;technician;married;secondary;no;0;no;no;cellular;29;aug;141;2;-1;0;unknown;no
55;management;married;unknown;no;559;no;no;cellular;28;jan;271;2;-1;0;unknown;no
47;services;divorced;secondary;no;4906;yes;no;unknown;14;may;389;1;-1;0;unknown;no
43;technician;single;secondary;no;593;yes;no;unknown;5;may;55;1;-1;0;unknown;no
29;services;married;secondary;no;57;yes;no;telephone;21;jul;342;9;-1;0;unknown;no
32;admin.;single;tertiary;no;1583;yes;no;cellular;19;nov;100;1;182;1;failure;no
39;entrepreneur;married;tertiary;no;2;yes;no;cellular;17;nov;180;1;-1;0;unknown;no
48;blue-collar;single;primary;no;316;no;no;unknown;5;jun;560;2;-1;0;unknown;no
44;management;divorced;tertiary;no;0;no;no;cellular;22;aug;54;2;-1;0;unknown;no
36;blue-collar;married;secondary;no;777;yes;no;cellular;6;may;185;3;-1;0;unknown;no
26;admin.;single;secondary;no;321;yes;no;cellular;22;jul;242;7;-1;0;unknown;no
51;self-employed;married;tertiary;no;2007;no;no;unknown;16;jun;1021;1;-1;0;unknown;no
48;management;divorced;tertiary;no;108;yes;no;unknown;27;may;89;2;-1;0;unknown;no
42;management;married;secondary;no;2416;yes;no;unknown;20;may;138;4;-1;0;unknown;no
60;management;married;unknown;no;6313;no;no;unknown;19;jun;39;2;-1;0;unknown;no
61;retired;married;secondary;no;2917;no;no;cellular;6;oct;215;1;-1;0;unknown;yes
34;blue-collar;married;secondary;no;247;yes;yes;unknown;26;may;193;5;-1;0;unknown;no
32;services;single;secondary;no;48;yes;no;cellular;20;apr;8;3;-1;0;unknown;no
38;blue-collar;divorced;secondary;no;595;yes;no;cellular;7;may;245;3;-1;0;unknown;no
31;unemployed;single;secondary;no;-186;yes;no;unknown;26;may;172;3;-1;0;unknown;no
43;unemployed;single;unknown;no;3274;yes;no;cellular;22;may;680;1;95;1;failure;no
34;blue-collar;married;primary;no;455;yes;no;unknown;20;jun;372;3;-1;0;unknown;no
39;entrepreneur;married;unknown;no;98;yes;no;telephone;15;may;59;3;367;1;other;no
51;management;married;tertiary;no;2934;yes;no;cellular;18;nov;727;4;-1;0;unknown;no
58;retired;married;secondary;no;225;no;no;cellular;7;aug;122;6;-1;0;unknown;no
58;retired;married;secondary;no;983;no;no;cellular;5;aug;139;1;-1;0;unknown;no
31;management;single;tertiary;no;12569;no;no;cellular;9;sep;344;1;295;1;failure;yes
35;technician;single;secondary;no;126;no;no;cellular;22;aug;112;2;-1;0;unknown;no
53;technician;married;tertiary;no;6072;no;yes;unknown;16;jun;226;4;-1;0;unknown;no
28;student;single;secondary;no;153;no;no;cellular;23;jul;1124;2;-1;0;unknown;yes
50;entrepreneur;divorced;tertiary;no;1790;no;yes;cellular;6;feb;748;3;-1;0;unknown;no
51;unemployed;married;tertiary;no;1634;yes;no;cellular;22;jul;168;4;-1;0;unknown;no
46;management;married;tertiary;no;1375;yes;no;cellular;17;nov;308;3;-1;0;unknown;no
29;technician;married;secondary;no;0;yes;no;cellular;28;jul;83;6;-1;0;unknown;no
52;services;married;secondary;no;657;no;no;telephone;7;jul;398;2;460;2;failure;yes
37;blue-collar;married;secondary;no;-67;no;no;cellular;2;feb;157;1;-1;0;unknown;no
33;blue-collar;single;secondary;no;142;yes;no;cellular;14;may;123;1;360;3;other;no
58;services;married;primary;no;65;no;no;unknown;27;jun;162;1;-1;0;unknown;no
59;technician;married;primary;no;3163;yes;no;unknown;29;may;240;2;-1;0;unknown;no
36;admin.;married;secondary;no;4280;no;no;unknown;19;jun;227;6;-1;0;unknown;no
37;management;married;tertiary;no;0;no;no;cellular;16;jul;268;2;182;3;success;yes
54;management;divorced;tertiary;no;26306;yes;no;cellular;11;feb;27;1;84;3;failure;no
59;admin.;married;secondary;no;2381;no;no;cellular;30;apr;173;2;-1;0;unknown;no
35;admin.;divorced;tertiary;no;1555;yes;no;unknown;9;may;26;2;-1;0;unknown;no
34;management;single;tertiary;no;84;no;no;cellular;5;feb;231;1;-1;0;unknown;no
27;student;single;secondary;no;671;yes;no;unknown;7;may;332;2;-1;0;unknown;no
55;housemaid;married;primary;no;136;yes;no;unknown;19;jun;15;10;-1;0;unknown;no
38;management;married;tertiary;no;0;yes;no;cellular;13;may;537;5;303;2;failure;no
31;management;married;tertiary;no;2603;yes;no;cellular;11;feb;280;4;-1;0;unknown;yes
34;management;married;tertiary;no;297;yes;no;cellular;26;aug;63;4;-1;0;unknown;no
25;management;single;tertiary;no;553;yes;no;cellular;17;sep;113;4;479;1;failure;no
31;blue-collar;single;primary;no;-502;yes;no;unknown;29;may;76;4;-1;0;unknown;no
40;admin.;single;secondary;no;263;yes;no;unknown;6;may;231;1;-1;0;unknown;no
30;self-employed;single;secondary;no;192;no;no;cellular;22;jul;423;1;-1;0;unknown;no
49;blue-collar;married;primary;no;365;no;no;unknown;26;may;59;2;-1;0;unknown;no
41;management;married;tertiary;no;437;yes;no;unknown;3;jun;14;21;-1;0;unknown;no
36;services;married;secondary;no;-302;yes;no;cellular;13;may;36;2;-1;0;unknown;no
